country_old,cases,deaths,update_time,country,corrected
Algeria,5,0,2009-07-06,Algeria,1
Antigua and Barbuda,2,0,2009-07-06,Antigua and Barbuda,1
Argentina,2485,60,2009-07-06,Argentina,1
Australia,5298,10,2009-07-06,Australia,1
Austria,19,0,2009-07-06,Austria,1
Bahamas,7,0,2009-07-06,Bahamas,1
Bahrain,15,0,2009-07-06,Bahrain,1
Bangladesh,18,0,2009-07-06,Bangladesh,1
Barbados,12,0,2009-07-06,Barbados,1
Belgium,54,0,2009-07-06,Belgium,1
"Bermuda, UKOT",1,0,2009-07-06,"Bermuda, UKOT",0
Bolivia,416,0,2009-07-06,"Bolivia, Plurinational State of",1
Bosnia and Hezegovina,1,0,2009-07-06,Bosnia and Hezegovina,0
Brazil,737,1,2009-07-06,Brazil,1
"British Virgin Islands, UKOT",2,0,2009-07-06,"British Virgin Islands, UKOT",0
Brunei Darussalam,124,0,2009-07-06,Brunei Darussalam,1
Bulgaria,10,0,2009-07-06,Bulgaria,1
Cambodia,7,0,2009-07-06,Cambodia,1
Canada,7983,25,2009-07-06,Canada,1
Cap Verde,3,0,2009-07-06,Cap Verde,0
"Cayman Islands, UKOT",14,0,2009-07-06,"Cayman Islands, UKOT",0
Chile,7376,14,2009-07-06,Chile,1
China,2040,0,2009-07-06,China,1
Colombia,118,2,2009-07-06,Colombia,1
Cook Island,1,0,2009-07-06,Cook Islands,1
Costa Rica,277,3,2009-07-06,Costa Rica,1
Cote d'Ivoire,2,0,2009-07-06,Côte d'Ivoire,1
Croatia,1,0,2009-07-06,Croatia,1
Cuba,85,0,2009-07-06,Cuba,1
Cyprus,109,0,2009-07-06,Cyprus,1
Czech Republic,15,0,2009-07-06,Czechia,1
Denmark,66,0,2009-07-06,Denmark,1
Dominica,1,0,2009-07-06,Dominica,1
Dominican Republic,108,2,2009-07-06,Dominican Republic,1
Ecuador,204,0,2009-07-06,Ecuador,1
Egypt,78,0,2009-07-06,Egypt,1
El Salvador,319,0,2009-07-06,El Salvador,1
Estonia,13,0,2009-07-06,Estonia,1
Ethiopia,3,0,2009-07-06,Ethiopia,1
Fiji,2,0,2009-07-06,Fiji,1
Finland,47,0,2009-07-06,Finland,1
France,310,0,2009-07-06,France,1
"French Polynesia, FOC",4,0,2009-07-06,"French Polynesia, FOC",0
"Guadaloupe, FOC",2,0,2009-07-06,"Guadaloupe, FOC",0
"Martinique, FOC",3,0,2009-07-06,"Martinique, FOC",0
"New Caledonia, FOC",12,0,2009-07-06,"New Caledonia, FOC",0
"Saint Martin, FOC",1,0,2009-07-06,"Saint Martin, FOC",0
Germany,505,0,2009-07-06,Germany,1
Greece,151,0,2009-07-06,Greece,1
Guatemala,286,2,2009-07-06,Guatemala,1
Guyana,2,0,2009-07-06,Guyana,1
Honduras,123,1,2009-07-06,Honduras,1
Hungary,11,0,2009-07-06,Hungary,1
Iceland,4,0,2009-07-06,Iceland,1
India,129,0,2009-07-06,India,1
Indonesia,20,0,2009-07-06,Indonesia,1
"Iran, Islamic Republic",1,0,2009-07-06,"Iran, Islamic Republic of",1
Iraq,12,0,2009-07-06,Iraq,1
Ireland,74,0,2009-07-06,Ireland,1
Israel,681,0,2009-07-06,Israel,1
Italy,146,0,2009-07-06,Italy,1
Jamaica,32,0,2009-07-06,Jamaica,1
Japan,1790,0,2009-07-06,Japan,1
Jordan,23,0,2009-07-06,Jordan,1
Kenya,15,0,2009-07-06,Kenya,1
"Korea, Republic of",202,0,2009-07-06,"Korea, Republic of",1
Kuwait,35,0,2009-07-06,Kuwait,1
Laos,5,0,2009-07-06,Laos,0
Latvia,1,0,2009-07-06,Latvia,1
Lebanon,49,0,2009-07-06,Lebanon,1
Libya,1,0,2009-07-06,Libya,1
Lithuania,3,0,2009-07-06,Lithuania,1
Luxembourg,6,0,2009-07-06,Luxembourg,1
Malaysia,112,0,2009-07-06,Malaysia,1
Malta,24,0,2009-07-06,Malta,1
Mauritius,1,0,2009-07-06,Mauritius,1
Mexico,10262,119,2009-07-06,Mexico,1
Montenegro,10,0,2009-07-06,Montenegro,1
Morocco,17,0,2009-07-06,Morocco,1
Myanmar,1,0,2009-07-06,Myanmar,1
Nepal,5,0,2009-07-06,Nepal,1
Netherlands,135,0,2009-07-06,Netherlands,1
"Netherlands, Aruba",5,0,2009-07-06,"Netherlands, Aruba",0
"Netherlands Antilles, Curaçao",8,0,2009-07-06,"Netherlands Antilles, Curaçao",0
"Netherlands Antilles, Sint Maarten",7,0,2009-07-06,"Netherlands Antilles, Sint Maarten",0
New Zealand,1059,3,2009-07-06,New Zealand,1
Nicaragua,321,0,2009-07-06,Nicaragua,1
Norway,41,0,2009-07-06,Norway,1
Oman,4,0,2009-07-06,Oman,1
Palau,1,0,2009-07-06,Palau,1
Panama,417,0,2009-07-06,Panama,1
Papua New Guinea,1,0,2009-07-06,Papua New Guinea,1
Paraguay,106,1,2009-07-06,Paraguay,1
Peru,916,0,2009-07-06,Peru,1
Philippines,1709,1,2009-07-06,Philippines,1
Poland,25,0,2009-07-06,Poland,1
Portugal,42,0,2009-07-06,Portugal,1
Qatar,23,0,2009-07-06,Qatar,1
Romania,41,0,2009-07-06,Romania,1
Russia,3,0,2009-07-06,Russian Federation,1
Saint Lucia,1,0,2009-07-06,Saint Lucia,1
Samoa,1,0,2009-07-06,Samoa,1
Saudi Arabia,114,0,2009-07-06,Saudi Arabia,1
Serbia,15,0,2009-07-06,Serbia,1
Singapore,1055,0,2009-07-06,Singapore,1
Slovakia,18,0,2009-07-06,Slovakia,1
Slovenia,14,0,2009-07-06,Slovenia,1
South Africa,18,0,2009-07-06,South Africa,1
Spain,776,1,2009-07-06,Spain,1
Sri Lanka,19,0,2009-07-06,Sri Lanka,1
Suriname,11,0,2009-07-06,Suriname,1
Sweden,84,0,2009-07-06,Sweden,1
Switzerland,76,0,2009-07-06,Switzerland,1
Syria,1,0,2009-07-06,Syrian Arab Republic,1
Thailand,2076,7,2009-07-06,Thailand,1
The former Yugoslav Republic of Macedonia,2,0,2009-07-06,The former Yugoslav Republic of Macedonia,0
Trinidad and Tobago,65,0,2009-07-06,Trinidad and Tobago,1
Tunisia,5,0,2009-07-06,Tunisia,1
Turkey,40,0,2009-07-06,Turkey,1
Uganda,1,0,2009-07-06,Uganda,1
Ukraine,1,0,2009-07-06,Ukraine,1
United Arab Emirates,8,0,2009-07-06,United Arab Emirates,1
United Kingdom,7447,3,2009-07-06,United Kingdom,1
"Guernsey, Crown Dependency",5,0,2009-07-06,"Guernsey, Crown Dependency",0
"Isle of Man, Crown Dependency",1,0,2009-07-06,"Isle of Man, Crown Dependency",0
"Jersey, Crown Dependency",11,0,2009-07-06,"Jersey, Crown Dependency",0
United States of America,33902,170,2009-07-06,United States,1
Puerto Rico,18,0,2009-07-06,Puerto Rico,1
Virgin Islands,1,0,2009-07-06,"Virgin Islands, British",1
Uruguay,195,4,2009-07-06,Uruguay,1
Vanuatu,2,0,2009-07-06,Vanuatu,1
Venezuela,206,0,2009-07-06,"Venezuela, Bolivarian Republic of",1
Viet Nam,181,0,2009-07-06,Viet Nam,1
West Bank and Gaza Strip,60,0,2009-07-06,West Bank and Gaza Strip,0
Yemen,8,0,2009-07-06,Yemen,1
Algeria,5,0,2009-07-03,Algeria,1
Antigua and Barbuda,2,0,2009-07-03,Antigua and Barbuda,1
Argentina,1587,26,2009-07-03,Argentina,1
Australia,4568,9,2009-07-03,Australia,1
Austria,15,0,2009-07-03,Austria,1
Bahamas,6,0,2009-07-03,Bahamas,1
Bahrain,15,0,2009-07-03,Bahrain,1
Bangladesh,12,0,2009-07-03,Bangladesh,1
Barbados,12,0,2009-07-03,Barbados,1
Belgium,49,0,2009-07-03,Belgium,1
"Bermuda, UKOT",1,0,2009-07-03,"Bermuda, UKOT",0
Bolivia,283,0,2009-07-03,"Bolivia, Plurinational State of",1
Bosnia and Hezegovina,1,0,2009-07-03,Bosnia and Hezegovina,0
Brazil,737,1,2009-07-03,Brazil,1
"British Virgin Islands, UKOT",2,0,2009-07-03,"British Virgin Islands, UKOT",0
Brunei Darussalam,85,0,2009-07-03,Brunei Darussalam,1
Bulgaria,10,0,2009-07-03,Bulgaria,1
Cambodia,7,0,2009-07-03,Cambodia,1
Canada,7983,25,2009-07-03,Canada,1
Cap Verde,3,0,2009-07-03,Cap Verde,0
"Cayman Islands, UKOT",14,0,2009-07-03,"Cayman Islands, UKOT",0
Chile,7376,14,2009-07-03,Chile,1
China,1814,0,2009-07-03,China,1
Colombia,101,2,2009-07-03,Colombia,1
Costa Rica,227,2,2009-07-03,Costa Rica*,0
Cote d'Ivoire,2,0,2009-07-03,Côte d'Ivoire,1
Cuba,73,0,2009-07-03,Cuba,1
Cyprus,70,0,2009-07-03,Cyprus,1
Czech Republic,15,0,2009-07-03,Czechia,1
Denmark,63,0,2009-07-03,Denmark,1
Dominica,1,0,2009-07-03,Dominica,1
Dominican Republic,108,2,2009-07-03,Dominican Republic,1
Ecuador,163,0,2009-07-03,Ecuador,1
Egypt,67,0,2009-07-03,Egypt,1
El Salvador,253,0,2009-07-03,El Salvador,1
Estonia,13,0,2009-07-03,Estonia,1
Ethiopia,3,0,2009-07-03,Ethiopia,1
Fiji,2,0,2009-07-03,Fiji,1
Finland,43,0,2009-07-03,Finland,1
France,300,0,2009-07-03,France,1
"French Polynesia, FOC",2,0,2009-07-03,"French Polynesia, FOC",0
"Martinique, FOC",2,0,2009-07-03,"Martinique, FOC",0
"France, New Caledonia, FOC",6,0,2009-07-03,"France, New Caledonia, FOC",0
Germany,470,0,2009-07-03,Germany,1
Greece,109,0,2009-07-03,Greece,1
Guatemala,254,2,2009-07-03,Guatemala,1
Honduras,123,1,2009-07-03,Honduras,1
Hungary,11,0,2009-07-03,Hungary,1
Iceland,4,0,2009-07-03,Iceland,1
India,104,0,2009-07-03,India,1
Indonesia,8,0,2009-07-03,Indonesia,1
Iran,1,0,2009-07-03,"Iran, Islamic Republic of",1
Iraq,11,0,2009-07-03,Iraq,1
Ireland,51,0,2009-07-03,Ireland,1
Israel,577,0,2009-07-03,Israel,1
Italy,130,0,2009-07-03,Italy,1
Jamaica,32,0,2009-07-03,Jamaica,1
Japan,1446,0,2009-07-03,Japan,1
Jordan,22,0,2009-07-03,Jordan,1
Kenya,12,0,2009-07-03,Kenya,1
"Korea, Republic of",202,0,2009-07-03,"Korea, Republic of",1
Kuwait,35,0,2009-07-03,Kuwait,1
Laos,3,0,2009-07-03,Laos,0
Latvia,1,0,2009-07-03,Latvia,1
Lebanon,47,0,2009-07-03,Lebanon,1
Lithuania,3,0,2009-07-03,Lithuania,1
Luxembourg,4,0,2009-07-03,Luxembourg,1
Malaysia,112,0,2009-07-03,Malaysia,1
Malta,2,0,2009-07-03,Malta,1
Mauritius,1,0,2009-07-03,Mauritius,1
Mexico,10262,119,2009-07-03,Mexico,1
Montenegro,9,0,2009-07-03,Montenegro,1
Morocco,17,0,2009-07-03,Morocco,1
Myanmar,1,0,2009-07-03,Myanmar,1
Nepal,5,0,2009-07-03,Nepal,1
Netherlands,134,0,2009-07-03,Netherlands,1
"Netherlands, Aruba",5,0,2009-07-03,"Netherlands, Aruba",0
"Netherlands Antilles, Curaçao",8,0,2009-07-03,"Netherlands Antilles, Curaçao",0
"Netherlands Antilles, Sint Maarten",7,0,2009-07-03,"Netherlands Antilles, Sint Maarten",0
New Zealand,912,0,2009-07-03,New Zealand,1
Nicaragua,308,0,2009-07-03,Nicaragua,1
Norway,41,0,2009-07-03,Norway,1
Oman,3,0,2009-07-03,Oman,1
Palau,1,0,2009-07-03,Palau,1
Panama,417,0,2009-07-03,Panama,1
Papua New Guinea,1,0,2009-07-03,Papua New Guinea,1
Paraguay,103,0,2009-07-03,Paraguay,1
Peru,538,0,2009-07-03,Peru,1
Philippines,1709,1,2009-07-03,Philippines,1
Poland,19,0,2009-07-03,Poland,1
Portugal,27,0,2009-07-03,Portugal,1
Qatar,10,0,2009-07-03,Qatar,1
Romania,36,0,2009-07-03,Romania,1
Russia,3,0,2009-07-03,Russian Federation,1
Saint Lucia,1,0,2009-07-03,Saint Lucia,1
Samoa,1,0,2009-07-03,Samoa,1
Saudi Arabia,89,0,2009-07-03,Saudi Arabia,1
Serbia,15,0,2009-07-03,Serbia,1
Singapore,878,0,2009-07-03,Singapore,1
Slovakia,18,0,2009-07-03,Slovakia,1
Slovenia,5,0,2009-07-03,Slovenia,1
South Africa,12,0,2009-07-03,South Africa,1
Spain,760,1,2009-07-03,Spain,1
Sri Lanka,17,0,2009-07-03,Sri Lanka,1
Suriname,11,0,2009-07-03,Suriname,1
Sweden,74,0,2009-07-03,Sweden,1
Switzerland,72,0,2009-07-03,Switzerland,1
Thailand,1414,3,2009-07-03,Thailand,1
Trinidad and Tobago,53,0,2009-07-03,Trinidad and Tobago,1
Tunisia,3,0,2009-07-03,Tunisia,1
Turkey,40,0,2009-07-03,Turkey,1
Uganda,1,0,2009-07-03,Uganda,1
Ukraine,1,0,2009-07-03,Ukraine,1
United Arab Emirates,8,0,2009-07-03,United Arab Emirates,1
United Kingdom,7447,3,2009-07-03,United Kingdom,1
"Guernsey, Crown Dependency",5,0,2009-07-03,"Guernsey, Crown Dependency",0
"Isle of Man, Crown Dependency",1,0,2009-07-03,"Isle of Man, Crown Dependency",0
"Jersey, Crown Dependency",11,0,2009-07-03,"Jersey, Crown Dependency",0
United States of America,33902,170,2009-07-03,United States,1
Uruguay,195,1,2009-07-03,Uruguay,1
Vanuatu,2,0,2009-07-03,Vanuatu,1
Venezuela,204,0,2009-07-03,"Venezuela, Bolivarian Republic of",1
Viet Nam,131,0,2009-07-03,Viet Nam,1
West Bank and Gaza Strip,30,0,2009-07-03,West Bank and Gaza Strip,0
Yemen,7,0,2009-07-03,Yemen,1
Algeria,2,0,2009-07-01,Algeria,1
Antigua and Barbuda,2,0,2009-07-01,Antigua and Barbuda,1
Argentina,1587,26,2009-07-01,Argentina,1
Australia,4090,7,2009-07-01,Australia,1
Austria,15,0,2009-07-01,Austria,1
Bahamas,6,0,2009-07-01,Bahamas,1
Bahrain,15,0,2009-07-01,Bahrain,1
Bangladesh,1,0,2009-07-01,Bangladesh,1
Barbados,10,0,2009-07-01,Barbados,1
Belgium,47,0,2009-07-01,Belgium,1
"Bermuda, UKOT",1,0,2009-07-01,"Bermuda, UKOT",0
Bolivia,205,0,2009-07-01,"Bolivia, Plurinational State of",1
Brazil,680,1,2009-07-01,Brazil,1
"British Virgin Islands, UKOT",1,0,2009-07-01,"British Virgin Islands, UKOT",0
Brunei Darussalam,29,0,2009-07-01,Brunei Darussalam,1
Bulgaria,10,0,2009-07-01,Bulgaria,1
Cambodia,6,0,2009-07-01,Cambodia,1
Canada,7983,25,2009-07-01,Canada,1
Cap Verde,3,0,2009-07-01,Cap Verde,0
"Cayman Islands, UKOT",13,0,2009-07-01,"Cayman Islands, UKOT",0
Chile,6211,12,2009-07-01,Chile,1
China,1518,0,2009-07-01,China,1
Colombia,93,2,2009-07-01,Colombia,1
Costa Rica,279,2,2009-07-01,Costa Rica,1
Cote d'Ivoire,2,0,2009-07-01,Côte d'Ivoire,1
Cuba,46,0,2009-07-01,Cuba,1
Cyprus,48,0,2009-07-01,Cyprus,1
Czech Republic,9,0,2009-07-01,Czechia,1
Denmark,55,0,2009-07-01,Denmark,1
Dominica,1,0,2009-07-01,Dominica,1
Dominican Republic,108,2,2009-07-01,Dominican Republic,1
Ecuador,163,0,2009-07-01,Ecuador,1
Egypt,67,0,2009-07-01,Egypt,1
El Salvador,226,0,2009-07-01,El Salvador,1
Estonia,13,0,2009-07-01,Estonia,1
Ethiopia,2,0,2009-07-01,Ethiopia,1
Fiji,2,0,2009-07-01,Fiji,1
Finland,26,0,2009-07-01,Finland,1
France,277,0,2009-07-01,France,1
"French Polynesia, FOC",2,0,2009-07-01,"French Polynesia, FOC",0
"Martinique, FOC",2,0,2009-07-01,"Martinique, FOC",0
"France, New Caledonia, FOC",6,0,2009-07-01,"France, New Caledonia, FOC",0
Germany,417,0,2009-07-01,Germany,1
Greece,92,0,2009-07-01,Greece,1
Guatemala,254,2,2009-07-01,Guatemala,1
Honduras,118,1,2009-07-01,Honduras,1
Hungary,10,0,2009-07-01,Hungary,1
Iceland,4,0,2009-07-01,Iceland,1
India,104,0,2009-07-01,India,1
Indonesia,8,0,2009-07-01,Indonesia,1
Iran,1,0,2009-07-01,"Iran, Islamic Republic of",1
Iraq,11,0,2009-07-01,Iraq,1
Ireland,41,0,2009-07-01,Ireland,1
Israel,506,0,2009-07-01,Israel,1
Italy,123,0,2009-07-01,Italy,1
Jamaica,32,0,2009-07-01,Jamaica,1
Japan,1266,0,2009-07-01,Japan,1
Jordan,20,0,2009-07-01,Jordan,1
Kenya,1,0,2009-07-01,Kenya,1
"Korea, Republic of",202,0,2009-07-01,"Korea, Republic of",1
Kuwait,34,0,2009-07-01,Kuwait,1
Laos,3,0,2009-07-01,Laos,0
Latvia,1,0,2009-07-01,Latvia,1
Lebanon,39,0,2009-07-01,Lebanon,1
Lithuania,1,0,2009-07-01,Lithuania,1
Luxembourg,4,0,2009-07-01,Luxembourg,1
Malaysia,112,0,2009-07-01,Malaysia,1
Mauritius,7,0,2009-07-01,Mauritius,1
Mexico,8680,116,2009-07-01,Mexico,1
Montenegro,4,0,2009-07-01,Montenegro,1
Morocco,17,0,2009-07-01,Morocco,1
Myanmar,1,0,2009-07-01,Myanmar,1
Nepal,3,0,2009-07-01,Nepal,1
Netherlands,128,0,2009-07-01,Netherlands,1
"Netherlands Antilles, Curaçao",7,0,2009-07-01,"Netherlands Antilles, Curaçao",0
"Netherlands Antilles, Sint Maarten",7,0,2009-07-01,"Netherlands Antilles, Sint Maarten",0
New Zealand,711,0,2009-07-01,New Zealand,1
Nicaragua,293,0,2009-07-01,Nicaragua,1
Norway,32,0,2009-07-01,Norway,1
Oman,3,0,2009-07-01,Oman,1
Panama,417,0,2009-07-01,Panama,1
Papua New Guinea,1,0,2009-07-01,Papua New Guinea,1
Paraguay,96,0,2009-07-01,Paraguay,1
Peru,538,0,2009-07-01,Peru,1
Philippines,861,1,2009-07-01,Philippines,1
Poland,15,0,2009-07-01,Poland,1
Portugal,17,0,2009-07-01,Portugal,1
Qatar,10,0,2009-07-01,Qatar,1
Romania,28,0,2009-07-01,Romania,1
Russia,3,0,2009-07-01,Russian Federation,1
Saint Lucia,1,0,2009-07-01,Saint Lucia,1
Samoa,1,0,2009-07-01,Samoa,1
Saudi Arabia,81,0,2009-07-01,Saudi Arabia,1
Serbia,12,0,2009-07-01,Serbia,1
Singapore,701,0,2009-07-01,Singapore,1
Slovakia,13,0,2009-07-01,Slovakia,1
Slovenia,4,0,2009-07-01,Slovenia,1
South Africa,1,0,2009-07-01,South Africa,1
Spain,717,1,2009-07-01,Spain,1
Sri Lanka,15,0,2009-07-01,Sri Lanka,1
Suriname,11,0,2009-07-01,Suriname,1
Sweden,69,0,2009-07-01,Sweden,1
Switzerland,56,0,2009-07-01,Switzerland,1
Thailand,1414,3,2009-07-01,Thailand,1
Trinidad and Tobago,53,0,2009-07-01,Trinidad and Tobago,1
Tunisia,3,0,2009-07-01,Tunisia,1
Turkey,32,0,2009-07-01,Turkey,1
Ukraine,1,0,2009-07-01,Ukraine,1
United Arab Emirates,8,0,2009-07-01,United Arab Emirates,1
United Kingdom,6538,3,2009-07-01,United Kingdom,1
"Guernsey, Crown Dependency",5,0,2009-07-01,"Guernsey, Crown Dependency",0
"Isle of Man, Crown Dependency",1,0,2009-07-01,"Isle of Man, Crown Dependency",0
"Jersey, Crown Dependency",8,0,2009-07-01,"Jersey, Crown Dependency",0
United States of America,27717,127,2009-07-01,United States,1
Uruguay,195,1,2009-07-01,Uruguay,1
Vanuatu,2,0,2009-07-01,Vanuatu,1
Venezuela,193,0,2009-07-01,"Venezuela, Bolivarian Republic of",1
Viet Nam,123,0,2009-07-01,Viet Nam,1
West Bank and Gaza Strip,13,0,2009-07-01,West Bank and Gaza Strip,0
Yemen,7,0,2009-07-01,Yemen,1
Algeria,2,0,2009-06-29,Algeria,1
Antigua and Barbuda,2,0,2009-06-29,Antigua and Barbuda,1
Argentina,1488,23,2009-06-29,Argentina,1
Australia,4038,7,2009-06-29,Australia,1
Austria,12,0,2009-06-29,Austria,1
Bahamas,4,0,2009-06-29,Bahamas,1
Bahrain,15,0,2009-06-29,Bahrain,1
Bangladesh,1,0,2009-06-29,Bangladesh,1
Barbados,10,0,2009-06-29,Barbados,1
Belgium,43,0,2009-06-29,Belgium,1
"Bermuda, UKOT",1,0,2009-06-29,"Bermuda, UKOT",0
Bolivia,126,0,2009-06-29,"Bolivia, Plurinational State of",1
Brazil,452,0,2009-06-29,Brazil,1
"British Virgin Islands, UKOT",1,0,2009-06-29,"British Virgin Islands, UKOT",0
Brunei Darussalam,29,0,2009-06-29,Brunei Darussalam,1
Bulgaria,7,0,2009-06-29,Bulgaria,1
Cambodia,6,0,2009-06-29,Cambodia,1
Canada,7775,21,2009-06-29,Canada,1
Cap Verde,3,0,2009-06-29,Cap Verde,0
"Cayman Islands, UKOT",9,0,2009-06-29,"Cayman Islands, UKOT",0
Chile,5186,7,2009-06-29,Chile,1
China,1442,0,2009-06-29,China,1
Colombia,88,2,2009-06-29,Colombia,1
Costa Rica,255,1,2009-06-29,Costa Rica,1
Cote d'Ivoire,2,0,2009-06-29,Côte d'Ivoire,1
Cuba,34,0,2009-06-29,Cuba,1
Cyprus,25,0,2009-06-29,Cyprus,1
Czech Republic,9,0,2009-06-29,Czechia,1
Denmark,44,0,2009-06-29,Denmark,1
Dominica,1,0,2009-06-29,Dominica,1
Dominican Republic,108,2,2009-06-29,Dominican Republic,1
Ecuador,125,0,2009-06-29,Ecuador,1
Egypt,50,0,2009-06-29,Egypt,1
El Salvador,226,0,2009-06-29,El Salvador,1
Estonia,13,0,2009-06-29,Estonia,1
Ethiopia,2,0,2009-06-29,Ethiopia,1
Fiji,2,0,2009-06-29,Fiji,1
Finland,26,0,2009-06-29,Finland,1
France,235,0,2009-06-29,France,1
"French Polynesia, FOC",3,0,2009-06-29,"French Polynesia, FOC",0
"Martinique, FOC",2,0,2009-06-29,"Martinique, FOC",0
Germany,366,0,2009-06-29,Germany,1
Greece,86,0,2009-06-29,Greece,1
Guatemala,254,2,2009-06-29,Guatemala,1
Honduras,118,1,2009-06-29,Honduras,1
Hungary,8,0,2009-06-29,Hungary,1
Iceland,4,0,2009-06-29,Iceland,1
India,64,0,2009-06-29,India,1
Indonesia,8,0,2009-06-29,Indonesia,1
Iran,1,0,2009-06-29,"Iran, Islamic Republic of",1
Iraq,10,0,2009-06-29,Iraq,1
Ireland,39,0,2009-06-29,Ireland,1
Israel,469,0,2009-06-29,Israel,1
Italy,112,0,2009-06-29,Italy,1
Jamaica,21,0,2009-06-29,Jamaica,1
Japan,1212,0,2009-06-29,Japan,1
Jordan,18,0,2009-06-29,Jordan,1
"Korea, Republic of",202,0,2009-06-29,"Korea, Republic of",1
Kuwait,30,0,2009-06-29,Kuwait,1
Laos,3,0,2009-06-29,Laos,0
Latvia,1,0,2009-06-29,Latvia,1
Lebanon,25,0,2009-06-29,Lebanon,1
Lithuania,1,0,2009-06-29,Lithuania,1
Luxembourg,4,0,2009-06-29,Luxembourg,1
Malaysia,112,0,2009-06-29,Malaysia,1
Mexico,8279,116,2009-06-29,Mexico,1
Monaco,1,0,2009-06-29,Monaco,1
Montenegro,1,0,2009-06-29,Montenegro,1
Morocco,11,0,2009-06-29,Morocco,1
Nepal,3,0,2009-06-29,Nepal,1
Netherlands,118,0,2009-06-29,Netherlands,1
"Netherlands Antilles, Curaçao",3,0,2009-06-29,"Netherlands Antilles, Curaçao *",0
"Netherlands Antilles, Sint Maarten",1,0,2009-06-29,"Netherlands Antilles, Sint Maarten",0
New Zealand,587,0,2009-06-29,New Zealand,1
Nicaragua,277,0,2009-06-29,Nicaragua,1
Norway,31,0,2009-06-29,Norway,1
Oman,3,0,2009-06-29,Oman,1
Panama,403,0,2009-06-29,Panama,1
Papua New Guinea,1,0,2009-06-29,Papua New Guinea,1
Paraguay,85,0,2009-06-29,Paraguay,1
Peru,360,0,2009-06-29,Peru,1
Philippines,861,1,2009-06-29,Philippines,1
Poland,14,0,2009-06-29,Poland,1
Portugal,11,0,2009-06-29,Portugal,1
Qatar,10,0,2009-06-29,Qatar,1
Romania,24,0,2009-06-29,Romania,1
Russia,3,0,2009-06-29,Russian Federation,1
Samoa,1,0,2009-06-29,Samoa,1
Saudi Arabia,69,0,2009-06-29,Saudi Arabia,1
Serbia,5,0,2009-06-29,Serbia,1
Singapore,599,0,2009-06-29,Singapore,1
Slovakia,9,0,2009-06-29,Slovakia,1
Slovenia,4,0,2009-06-29,Slovenia,1
South Africa,1,0,2009-06-29,South Africa,1
Spain,541,0,2009-06-29,Spain,1
Sri Lanka,9,0,2009-06-29,Sri Lanka,1
Suriname,11,0,2009-06-29,Suriname,1
Sweden,67,0,2009-06-29,Sweden,1
Switzerland,49,0,2009-06-29,Switzerland,1
Thailand,774,0,2009-06-29,Thailand,1
Trinidad and Tobago,53,0,2009-06-29,Trinidad and Tobago,1
Tunisia,2,0,2009-06-29,Tunisia,1
Turkey,27,0,2009-06-29,Turkey,1
Ukraine,1,0,2009-06-29,Ukraine,1
United Arab Emirates,8,0,2009-06-29,United Arab Emirates,1
United Kingdom,4250,1,2009-06-29,United Kingdom,1
"Guernsey, Crown Dependency",1,0,2009-06-29,"Guernsey, Crown Dependency",0
"Isle of Man, Crown Dependency",1,0,2009-06-29,"Isle of Man, Crown Dependency",0
"Jersey, Crown Dependency",8,0,2009-06-29,"Jersey, Crown Dependency",0
United States of America,27717,127,2009-06-29,United States,1
Uruguay,195,0,2009-06-29,Uruguay,1
Vanuatu,2,0,2009-06-29,Vanuatu,1
Venezuela,172,0,2009-06-29,"Venezuela, Bolivarian Republic of",1
Viet Nam,84,0,2009-06-29,Viet Nam,1
West Bank and Gaza Strip,9,0,2009-06-29,West Bank and Gaza Strip,0
Yemen,6,0,2009-06-29,Yemen,1
Algeria,2,0,2009-06-26,Algeria,1
Antigua and Barbuda,2,0,2009-06-26,Antigua and Barbuda,1
Argentina,1391,21,2009-06-26,Argentina,1
Australia,3280,3,2009-06-26,Australia,1
Austria,12,0,2009-06-26,Austria,1
Bahamas,4,0,2009-06-26,Bahamas,1
Bahrain,15,0,2009-06-26,Bahrain,1
Bangladesh,1,0,2009-06-26,Bangladesh,1
Barbados,10,0,2009-06-26,Barbados,1
Belgium,36,0,2009-06-26,Belgium,1
"Bermuda, UKOT",1,0,2009-06-26,"Bermuda, UKOT",0
Bolivia,47,0,2009-06-26,"Bolivia, Plurinational State of",1
Brazil,399,0,2009-06-26,Brazil,1
"British Virgin Islands, UKOT",1,0,2009-06-26,"British Virgin Islands, UKOT",0
Brunei Darussalam,11,0,2009-06-26,Brunei Darussalam,1
Bulgaria,7,0,2009-06-26,Bulgaria,1
Cambodia,5,0,2009-06-26,Cambodia,1
Canada,6732,19,2009-06-26,Canada,1
Cap Verde,3,0,2009-06-26,Cap Verde,0
"Cayman Islands, UKOT",9,0,2009-06-26,"Cayman Islands, UKOT",0
Chile,5186,7,2009-06-26,Chile,1
China,1089,0,2009-06-26,China,1
Colombia,72,2,2009-06-26,Colombia,1
Costa Rica,222,1,2009-06-26,Costa Rica,1
Cote d'Ivoire,2,0,2009-06-26,Côte d'Ivoire,1
Cuba,34,0,2009-06-26,Cuba,1
Cyprus,9,0,2009-06-26,Cyprus,1
Czech Republic,9,0,2009-06-26,Czechia,1
Denmark,41,0,2009-06-26,Denmark,1
Dominica,1,0,2009-06-26,Dominica,1
Dominican Republic,108,2,2009-06-26,Dominican Republic,1
Ecuador,125,0,2009-06-26,Ecuador,1
Egypt,43,0,2009-06-26,Egypt,1
El Salvador,160,0,2009-06-26,El Salvador,1
Estonia,8,0,2009-06-26,Estonia,1
Ethiopia,2,0,2009-06-26,Ethiopia,1
Fiji,2,0,2009-06-26,Fiji,1
Finland,26,0,2009-06-26,Finland,1
France,191,0,2009-06-26,France,1
"French Polynesia, FOC",1,0,2009-06-26,"French Polynesia, FOC",0
"Martinique, FOC",2,0,2009-06-26,"Martinique, FOC",0
Germany,333,0,2009-06-26,Germany,1
Greece,73,0,2009-06-26,Greece,1
Guatemala,254,2,2009-06-26,Guatemala,1
Honduras,118,1,2009-06-26,Honduras,1
Hungary,8,0,2009-06-26,Hungary,1
Iceland,4,0,2009-06-26,Iceland,1
India,64,0,2009-06-26,India,1
Indonesia,2,0,2009-06-26,Indonesia,1
Iran,1,0,2009-06-26,"Iran, Islamic Republic of",1
Ireland,29,0,2009-06-26,Ireland,1
Israel,405,0,2009-06-26,Israel,1
Italy,102,0,2009-06-26,Italy,1
Jamaica,19,0,2009-06-26,Jamaica,1
Japan,1049,0,2009-06-26,Japan,1
Jordan,15,0,2009-06-26,Jordan,1
"Korea, Republic of",142,0,2009-06-26,"Korea, Republic of",1
Kuwait,30,0,2009-06-26,Kuwait,1
Laos,3,0,2009-06-26,Laos,0
Latvia,1,0,2009-06-26,Latvia,1
Lebanon,25,0,2009-06-26,Lebanon,1
Luxembourg,3,0,2009-06-26,Luxembourg,1
Malaysia,68,0,2009-06-26,Malaysia,1
Mexico,8279,116,2009-06-26,Mexico,1
Montenegro,1,0,2009-06-26,Montenegro,1
Morocco,11,0,2009-06-26,Morocco,1
Netherlands,116,0,2009-06-26,Netherlands,1
"Netherlands Antilles, Curaçao",3,0,2009-06-26,"Netherlands Antilles, Curaçao *",0
"Netherlands Antilles, Sint Maarten",1,0,2009-06-26,"Netherlands Antilles, Sint Maarten",0
New Zealand,453,0,2009-06-26,New Zealand,1
Nicaragua,265,0,2009-06-26,Nicaragua,1
Norway,22,0,2009-06-26,Norway,1
Oman,3,0,2009-06-26,Oman,1
Panama,358,0,2009-06-26,Panama,1
Papua New Guinea,1,0,2009-06-26,Papua New Guinea,1
Paraguay,79,0,2009-06-26,Paraguay,1
Peru,252,0,2009-06-26,Peru,1
Philippines,445,1,2009-06-26,Philippines,1
Poland,13,0,2009-06-26,Poland,1
Portugal,7,0,2009-06-26,Portugal,1
Qatar,10,0,2009-06-26,Qatar,1
Romania,19,0,2009-06-26,Romania,1
Russia,3,0,2009-06-26,Russian Federation,1
Samoa,1,0,2009-06-26,Samoa,1
Saudi Arabia,48,0,2009-06-26,Saudi Arabia,1
Serbia,2,0,2009-06-26,Serbia,1
Singapore,315,0,2009-06-26,Singapore,1
Slovakia,7,0,2009-06-26,Slovakia,1
Slovenia,3,0,2009-06-26,Slovenia,1
South Africa,1,0,2009-06-26,South Africa,1
Spain,541,0,2009-06-26,Spain,1
Sri Lanka,7,0,2009-06-26,Sri Lanka,1
Suriname,11,0,2009-06-26,Suriname,1
Sweden,61,0,2009-06-26,Sweden,1
Switzerland,47,0,2009-06-26,Switzerland,1
Thailand,774,0,2009-06-26,Thailand,1
Trinidad and Tobago,25,0,2009-06-26,Trinidad and Tobago,1
Tunisia,2,0,2009-06-26,Tunisia,1
Turkey,26,0,2009-06-26,Turkey,1
Ukraine,1,0,2009-06-26,Ukraine,1
United Arab Emirates,7,0,2009-06-26,United Arab Emirates,1
United Kingdom,3597,1,2009-06-26,United Kingdom,1
"Guernsey, Crown Dependency",1,0,2009-06-26,"Guernsey, Crown Dependency",0
"Isle of Man, Crown Dependency",1,0,2009-06-26,"Isle of Man, Crown Dependency",0
"Jersey, Crown Dependency",8,0,2009-06-26,"Jersey, Crown Dependency",0
United States of America,21449,87,2009-06-26,United States,1
Uruguay,195,0,2009-06-26,Uruguay,1
Vanuatu,2,0,2009-06-26,Vanuatu,1
Venezuela,153,0,2009-06-26,"Venezuela, Bolivarian Republic of",1
Viet Nam,63,0,2009-06-26,Viet Nam,1
West Bank and Gaza Strip,9,0,2009-06-26,West Bank and Gaza Strip,0
Yemen,6,0,2009-06-26,Yemen,1
Algeria,2,0,2009-06-24,Algeria,1
Antigua and Barbuda,2,0,2009-06-24,Antigua and Barbuda,1
Argentina,1213,7,2009-06-24,Argentina,1
Australia,2857,2,2009-06-24,Australia,1
Austria,12,0,2009-06-24,Austria,1
Bahamas,4,0,2009-06-24,Bahamas,1
Bahrain,15,0,2009-06-24,Bahrain,1
Bangladesh,1,0,2009-06-24,Bangladesh,1
Barbados,5,0,2009-06-24,Barbados,1
Belgium,30,0,2009-06-24,Belgium,1
"Bermuda, UKOT",1,0,2009-06-24,"Bermuda, UKOT",0
Bolivia,44,0,2009-06-24,"Bolivia, Plurinational State of",1
Brazil,334,0,2009-06-24,Brazil,1
"British Virgin Islands, UKOT",1,0,2009-06-24,"British Virgin Islands, UKOT",0
Brunei Darussalam,4,0,2009-06-24,Brunei Darussalam,1
Bulgaria,5,0,2009-06-24,Bulgaria,1
Cambodia,1,0,2009-06-24,Cambodia,1
Canada,6457,15,2009-06-24,Canada,1
Cap Verde,3,0,2009-06-24,Cap Verde,0
"Cayman Islands, UKOT",7,0,2009-06-24,"Cayman Islands, UKOT",0
Chile,4315,4,2009-06-24,Chile,1
China,906,0,2009-06-24,China,1
Colombia,71,2,2009-06-24,Colombia,1
Costa Rica,189,1,2009-06-24,Costa Rica,1
Cote d'Ivoire,2,0,2009-06-24,Côte d'Ivoire,1
Cuba,15,0,2009-06-24,Cuba,1
Cyprus,5,0,2009-06-24,Cyprus,1
Czech Republic,7,0,2009-06-24,Czechia,1
Denmark,34,0,2009-06-24,Denmark,1
Dominica,1,0,2009-06-24,Dominica,1
Dominican Republic,108,2,2009-06-24,Dominican Republic,1
Ecuador,115,0,2009-06-24,Ecuador,1
Egypt,40,0,2009-06-24,Egypt,1
El Salvador,160,0,2009-06-24,El Salvador,1
Estonia,5,0,2009-06-24,Estonia,1
Ethiopia,2,0,2009-06-24,Ethiopia,1
Fiji,2,0,2009-06-24,Fiji,1
Finland,26,0,2009-06-24,Finland,1
France,171,0,2009-06-24,France,1
"French Polynesia, FOC",1,0,2009-06-24,"French Polynesia, FOC",0
"Martinique, FOC",2,0,2009-06-24,"Martinique, FOC",0
Germany,301,0,2009-06-24,Germany,1
Greece,58,0,2009-06-24,Greece,1
Guatemala,235,1,2009-06-24,Guatemala,1
Honduras,118,0,2009-06-24,Honduras,1
Hungary,7,0,2009-06-24,Hungary,1
Iceland,4,0,2009-06-24,Iceland,1
India,64,0,2009-06-24,India,1
Ireland,23,0,2009-06-24,Ireland,1
Israel,375,0,2009-06-24,Israel,1
Italy,96,0,2009-06-24,Italy,1
Jamaica,19,0,2009-06-24,Jamaica,1
Japan,893,0,2009-06-24,Japan,1
Jordan,15,0,2009-06-24,Jordan,1
"Korea, Republic of",115,0,2009-06-24,"Korea, Republic of",1
Kuwait,26,0,2009-06-24,Kuwait,1
Laos,3,0,2009-06-24,Laos,0
Latvia,1,0,2009-06-24,Latvia,1
Lebanon,25,0,2009-06-24,Lebanon,1
Luxembourg,3,0,2009-06-24,Luxembourg,1
Malaysia,68,0,2009-06-24,Malaysia,1
Mexico,7847,115,2009-06-24,Mexico,1
Montenegro,1,0,2009-06-24,Montenegro,1
Morocco,9,0,2009-06-24,Morocco,1
Netherlands,110,0,2009-06-24,Netherlands,1
"Netherlands Antilles, Curaçao",3,0,2009-06-24,"Netherlands Antilles, Curaçao *",0
"Netherlands Antilles, Sint Maarten",1,0,2009-06-24,"Netherlands Antilles, Sint Maarten",0
New Zealand,386,0,2009-06-24,New Zealand,1
Nicaragua,220,0,2009-06-24,Nicaragua,1
Norway,22,0,2009-06-24,Norway,1
Oman,3,0,2009-06-24,Oman,1
Panama,330,0,2009-06-24,Panama,1
Papua New Guinea,1,0,2009-06-24,Papua New Guinea,1
Paraguay,58,0,2009-06-24,Paraguay,1
Peru,217,0,2009-06-24,Peru,1
Philippines,445,1,2009-06-24,Philippines,1
Poland,13,0,2009-06-24,Poland,1
Portugal,6,0,2009-06-24,Portugal,1
Qatar,10,0,2009-06-24,Qatar,1
Romania,19,0,2009-06-24,Romania,1
Russia,3,0,2009-06-24,Russian Federation,1
Samoa,1,0,2009-06-24,Samoa,1
Saudi Arabia,45,0,2009-06-24,Saudi Arabia,1
Singapore,194,0,2009-06-24,Singapore,1
Slovakia,4,0,2009-06-24,Slovakia,1
Slovenia,1,0,2009-06-24,Slovenia,1
South Africa,1,0,2009-06-24,South Africa,1
Spain,539,0,2009-06-24,Spain,1
Sri Lanka,5,0,2009-06-24,Sri Lanka,1
Suriname,11,0,2009-06-24,Suriname,1
Sweden,55,0,2009-06-24,Sweden,1
Switzerland,33,0,2009-06-24,Switzerland,1
Thailand,774,0,2009-06-24,Thailand,1
Trinidad and Tobago,25,0,2009-06-24,Trinidad and Tobago,1
Tunisia,2,0,2009-06-24,Tunisia,1
Turkey,26,0,2009-06-24,Turkey,1
Ukraine,1,0,2009-06-24,Ukraine,1
United Arab Emirates,2,0,2009-06-24,United Arab Emirates,1
United Kingdom,2905,1,2009-06-24,United Kingdom,1
"Isle of Man, Crown Dependency",1,0,2009-06-24,"Isle of Man, Crown Dependency",0
"Jersey, Crown Dependency",3,0,2009-06-24,"Jersey, Crown Dependency",0
United States of America,21449,87,2009-06-24,United States,1
Uruguay,195,0,2009-06-24,Uruguay,1
Vanuatu,1,0,2009-06-24,Vanuatu,1
Venezuela,135,0,2009-06-24,"Venezuela, Bolivarian Republic of",1
Viet Nam,56,0,2009-06-24,Viet Nam,1
West Bank and Gaza Strip,8,0,2009-06-24,West Bank and Gaza Strip,0
Yemen,6,0,2009-06-24,Yemen,1
Algeria,1,0,2009-06-22,Algeria,1
Argentina,1010,7,2009-06-22,Argentina,1
Australia,2436,1,2009-06-22,Australia,1
Austria,9,0,2009-06-22,Austria,1
Bahamas,2,0,2009-06-22,Bahamas,1
Bahrain,15,0,2009-06-22,Bahrain,1
Bangladesh,1,0,2009-06-22,Bangladesh,1
Barbados,4,0,2009-06-22,Barbados,1
Belgium,29,0,2009-06-22,Belgium,1
"Bermuda, UKOT",1,0,2009-06-22,"Bermuda, UKOT",0
Bolivia,25,0,2009-06-22,"Bolivia, Plurinational State of",1
Brazil,131,0,2009-06-22,Brazil,1
"British Virgin Islands, UKOT",1,0,2009-06-22,"British Virgin Islands, UKOT",0
Brunei Darussalam,1,0,2009-06-22,Brunei Darussalam,1
Bulgaria,2,0,2009-06-22,Bulgaria,1
Canada,5710,13,2009-06-22,Canada,1
"Cayman Islands, UKOT",4,0,2009-06-22,"Cayman Islands, UKOT",0
Chile,4315,4,2009-06-22,Chile,1
China,739,0,2009-06-22,China,1
Colombia,71,2,2009-06-22,Colombia,1
Costa Rica,149,1,2009-06-22,Costa Rica,1
Cuba,15,0,2009-06-22,Cuba,1
Cyprus,4,0,2009-06-22,Cyprus,1
Czech Republic,7,0,2009-06-22,Czechia,1
Denmark,23,0,2009-06-22,Denmark,1
Dominica,1,0,2009-06-22,Dominica,1
Dominican Republic,93,1,2009-06-22,Dominican Republic,1
Ecuador,95,0,2009-06-22,Ecuador,1
Egypt,39,0,2009-06-22,Egypt,1
El Salvador,160,0,2009-06-22,El Salvador,1
Estonia,5,0,2009-06-22,Estonia,1
Fiji,1,0,2009-06-22,Fiji,1
Finland,13,0,2009-06-22,Finland,1
France,147,0,2009-06-22,France,1
"French Polynesia, FOC",1,0,2009-06-22,"French Polynesia, FOC",0
"Martinique, FOC",1,0,2009-06-22,"Martinique, FOC",0
Germany,275,0,2009-06-22,Germany,1
Greece,48,0,2009-06-22,Greece,1
Guatemala,208,1,2009-06-22,Guatemala,1
Honduras,108,0,2009-06-22,Honduras,1
Hungary,7,0,2009-06-22,Hungary,1
Iceland,4,0,2009-06-22,Iceland,1
India,44,0,2009-06-22,India,1
Ireland,23,0,2009-06-22,Ireland,1
Israel,291,0,2009-06-22,Israel,1
Italy,88,0,2009-06-22,Italy,1
Jamaica,19,0,2009-06-22,Jamaica,1
Japan,850,0,2009-06-22,Japan,1
Jordan,13,0,2009-06-22,Jordan,1
"Korea, Republic of",105,0,2009-06-22,"Korea, Republic of",1
Kuwait,26,0,2009-06-22,Kuwait,1
Laos,2,0,2009-06-22,Laos,0
Lebanon,12,0,2009-06-22,Lebanon,1
Luxembourg,3,0,2009-06-22,Luxembourg,1
Malaysia,23,0,2009-06-22,Malaysia,1
Mexico,7624,113,2009-06-22,Mexico,1
Morocco,6,0,2009-06-22,Morocco *,0
Netherlands,91,0,2009-06-22,Netherlands,1
"Netherlands Antilles, Curaçao",3,0,2009-06-22,"Netherlands Antilles, Curaçao **",0
"Netherlands Antilles, Sint Maarten",1,0,2009-06-22,"Netherlands Antilles, Sint Maarten",0
New Zealand,258,0,2009-06-22,New Zealand,1
Nicaragua,189,0,2009-06-22,Nicaragua,1
Norway,17,0,2009-06-22,Norway,1
Oman,3,0,2009-06-22,Oman,1
Panama,330,0,2009-06-22,Panama,1
Papua New Guinea,1,0,2009-06-22,Papua New Guinea,1
Paraguay,48,0,2009-06-22,Paraguay,1
Peru,185,0,2009-06-22,Peru,1
Philippines,344,0,2009-06-22,Philippines,1
Poland,13,0,2009-06-22,Poland,1
Portugal,6,0,2009-06-22,Portugal,1
Qatar,8,0,2009-06-22,Qatar,1
Romania,18,0,2009-06-22,Romania,1
Russia,3,0,2009-06-22,Russian Federation,1
Samoa,1,0,2009-06-22,Samoa,1
Saudi Arabia,35,0,2009-06-22,Saudi Arabia,1
Singapore,142,0,2009-06-22,Singapore,1
Slovakia,3,0,2009-06-22,Slovakia,1
Slovenia,1,0,2009-06-22,Slovenia,1
South Africa,1,0,2009-06-22,South Africa,1
Spain,522,0,2009-06-22,Spain,1
Sri Lanka,4,0,2009-06-22,Sri Lanka,1
Suriname,11,0,2009-06-22,Suriname,1
Sweden,48,0,2009-06-22,Sweden,1
Switzerland,31,0,2009-06-22,Switzerland,1
Thailand,589,0,2009-06-22,Thailand,1
Trinidad and Tobago,18,0,2009-06-22,Trinidad and Tobago,1
Turkey,20,0,2009-06-22,Turkey,1
Ukraine,1,0,2009-06-22,Ukraine,1
United Arab Emirates,2,0,2009-06-22,United Arab Emirates,1
United Kingdom,2506,1,2009-06-22,United Kingdom,1
"Isle of Man, Crown Dependency",1,0,2009-06-22,"Isle of Man, Crown Dependency",0
"Jersey, Crown Dependency",1,0,2009-06-22,"Jersey, Crown Dependency",0
United States of America,21449,87,2009-06-22,United States,1
Uruguay,36,0,2009-06-22,Uruguay,1
Venezuela,71,0,2009-06-22,"Venezuela, Bolivarian Republic of",1
Viet Nam,35,0,2009-06-22,Viet Nam,1
West Bank and Gaza Strip,8,0,2009-06-22,West Bank and Gaza Strip,0
Yemen,5,0,2009-06-22,Yemen,1
Argentina,918,4,2009-06-19,Argentina,1
Australia,2199,0,2009-06-19,Australia,1
Austria,8,0,2009-06-19,Austria,1
Bahamas,2,0,2009-06-19,Bahamas,1
Bahrain,12,0,2009-06-19,Bahrain,1
Barbados,4,0,2009-06-19,Barbados,1
Belgium,19,0,2009-06-19,Belgium,1
"Bermuda, UKOT",1,0,2009-06-19,"Bermuda, UKOT",0
Bolivia,11,0,2009-06-19,"Bolivia, Plurinational State of",1
Brazil,96,0,2009-06-19,Brazil,1
"British Virgin Islands, UKOT",1,0,2009-06-19,"British Virgin Islands, UKOT",0
Bulgaria,2,0,2009-06-19,Bulgaria,1
Canada,4905,12,2009-06-19,Canada,1
"Cayman Islands, UKOT",4,0,2009-06-19,"Cayman Islands, UKOT",0
Chile,3125,2,2009-06-19,Chile,1
China,519,0,2009-06-19,China,1
Colombia,60,1,2009-06-19,Colombia,1
Costa Rica,149,1,2009-06-19,Costa Rica,1
Cuba,15,0,2009-06-19,Cuba,1
Cyprus,1,0,2009-06-19,Cyprus,1
Czech Republic,5,0,2009-06-19,Czechia,1
Denmark,22,0,2009-06-19,Denmark,1
Dominica,1,0,2009-06-19,Dominica,1
Dominican Republic,93,1,2009-06-19,Dominican Republic,1
Ecuador,86,0,2009-06-19,Ecuador,1
Egypt,29,0,2009-06-19,Egypt,1
El Salvador,160,0,2009-06-19,El Salvador,1
Estonia,5,0,2009-06-19,Estonia,1
Finland,13,0,2009-06-19,Finland,1
France,131,0,2009-06-19,France,1
"French Polynesia, FOC",1,0,2009-06-19,"French Polynesia, FOC",0
"Martinique, FOC",1,0,2009-06-19,"Martinique, FOC",0
Germany,238,0,2009-06-19,Germany,1
Greece,31,0,2009-06-19,Greece,1
Guatemala,153,1,2009-06-19,Guatemala,1
Honduras,108,0,2009-06-19,Honduras,1
Hungary,7,0,2009-06-19,Hungary,1
Iceland,4,0,2009-06-19,Iceland,1
India,30,0,2009-06-19,India,1
Ireland,16,0,2009-06-19,Ireland,1
Israel,219,0,2009-06-19,Israel,1
Italy,88,0,2009-06-19,Italy,1
Jamaica,14,0,2009-06-19,Jamaica,1
Japan,690,0,2009-06-19,Japan,1
Jordan,2,0,2009-06-19,Jordan,1
"Korea, Republic of",84,0,2009-06-19,"Korea, Republic of",1
Kuwait,18,0,2009-06-19,Kuwait,1
Laos,1,0,2009-06-19,Laos,0
Lebanon,12,0,2009-06-19,Lebanon,1
Luxembourg,2,0,2009-06-19,Luxembourg,1
Malaysia,23,0,2009-06-19,Malaysia,1
Mexico,7624,113,2009-06-19,Mexico,1
Morocco,8,0,2009-06-19,Morocco,1
Netherlands,87,0,2009-06-19,Netherlands,1
"Netherlands Antilles, Curaçao",3,0,2009-06-19,"Netherlands Antilles, Curaçao *",0
"Netherlands Antilles, Sint Maarten",1,0,2009-06-19,"Netherlands Antilles, Sint Maarten",0
New Zealand,216,0,2009-06-19,New Zealand,1
Nicaragua,144,0,2009-06-19,Nicaragua,1
Norway,17,0,2009-06-19,Norway,1
Oman,3,0,2009-06-19,Oman,1
Panama,272,0,2009-06-19,Panama,1
Papua New Guinea,1,0,2009-06-19,Papua New Guinea,1
Paraguay,27,0,2009-06-19,Paraguay,1
Peru,141,0,2009-06-19,Peru,1
Philippines,311,0,2009-06-19,Philippines,1
Poland,7,0,2009-06-19,Poland,1
Portugal,5,0,2009-06-19,Portugal,1
Qatar,3,0,2009-06-19,Qatar,1
Romania,18,0,2009-06-19,Romania,1
Russia,3,0,2009-06-19,Russian Federation,1
Samoa,1,0,2009-06-19,Samoa,1
Saudi Arabia,22,0,2009-06-19,Saudi Arabia,1
Singapore,77,0,2009-06-19,Singapore,1
Slovakia,3,0,2009-06-19,Slovakia,1
South Africa,1,0,2009-06-19,South Africa,1
Spain,512,0,2009-06-19,Spain,1
Sri Lanka,1,0,2009-06-19,Sri Lanka,1
Suriname,11,0,2009-06-19,Suriname,1
Sweden,43,0,2009-06-19,Sweden,1
Switzerland,27,0,2009-06-19,Switzerland,1
Thailand,518,0,2009-06-19,Thailand,1
Trinidad and Tobago,18,0,2009-06-19,Trinidad and Tobago,1
Turkey,20,0,2009-06-19,Turkey,1
Ukraine,1,0,2009-06-19,Ukraine,1
United Arab Emirates,2,0,2009-06-19,United Arab Emirates,1
United Kingdom,1752,1,2009-06-19,United Kingdom,1
"Isle of Man, Crown Dependency",1,0,2009-06-19,"Isle of Man, Crown Dependency",0
"Jersey, Crown Dependency",1,0,2009-06-19,"Jersey, Crown Dependency",0
United States of America,17855,44,2009-06-19,United States,1
Uruguay,36,0,2009-06-19,Uruguay,1
Venezuela,60,0,2009-06-19,"Venezuela, Bolivarian Republic of",1
Viet Nam,27,0,2009-06-19,Viet Nam,1
West Bank and Gaza Strip,5,0,2009-06-19,West Bank and Gaza Strip,0
Yemen,4,0,2009-06-19,Yemen,1
Argentina,733,1,2009-06-17,Argentina,1
Australia,2112,0,2009-06-17,Australia,1
Austria,7,0,2009-06-17,Austria,1
Bahamas,2,0,2009-06-17,Bahamas,1
Bahrain,12,0,2009-06-17,Bahrain,1
Barbados,3,0,2009-06-17,Barbados,1
Belgium,19,0,2009-06-17,Belgium,1
"Bermuda, UKOT",1,0,2009-06-17,"Bermuda, UKOT",0
Bolivia,11,0,2009-06-17,"Bolivia, Plurinational State of",1
Brazil,79,0,2009-06-17,Brazil,1
"British Virgin Islands, UKOT",1,0,2009-06-17,"British Virgin Islands, UKOT",0
Bulgaria,2,0,2009-06-17,Bulgaria,1
Canada,4049,7,2009-06-17,Canada,1
"Cayman Islands, UKOT",4,0,2009-06-17,"Cayman Islands, UKOT",0
Chile,2335,2,2009-06-17,Chile,1
China,382,0,2009-06-17,China,1
Colombia,53,1,2009-06-17,Colombia,1
Costa Rica,149,1,2009-06-17,Costa Rica,1
Cuba,7,0,2009-06-17,Cuba,1
Cyprus,1,0,2009-06-17,Cyprus,1
Czech Republic,4,0,2009-06-17,Czechia,1
Denmark,15,0,2009-06-17,Denmark,1
Dominica,1,0,2009-06-17,Dominica,1
Dominican Republic,93,1,2009-06-17,Dominican Republic,1
Ecuador,86,0,2009-06-17,Ecuador,1
Egypt,26,0,2009-06-17,Egypt,1
El Salvador,125,0,2009-06-17,El Salvador,1
Estonia,4,0,2009-06-17,Estonia,1
Finland,12,0,2009-06-17,Finland,1
France,118,0,2009-06-17,France,1
"France, French Polynesia, FOC",1,0,2009-06-17,"France, French Polynesia, FOC",0
"France, Martinique, FOC",1,0,2009-06-17,"France, Martinique, FOC",0
Germany,195,0,2009-06-17,Germany,1
Greece,23,0,2009-06-17,Greece,1
Guatemala,128,1,2009-06-17,Guatemala,1
Honduras,100,0,2009-06-17,Honduras,1
Hungary,4,0,2009-06-17,Hungary,1
Iceland,4,0,2009-06-17,Iceland,1
India,30,0,2009-06-17,India,1
Ireland,12,0,2009-06-17,Ireland,1
Israel,152,0,2009-06-17,Israel,1
Italy,72,0,2009-06-17,Italy,1
Jamaica,12,0,2009-06-17,Jamaica,1
Japan,666,0,2009-06-17,Japan,1
Jordan,2,0,2009-06-17,Jordan,1
"Korea, Republic of",65,0,2009-06-17,"Korea, Republic of",1
Kuwait,18,0,2009-06-17,Kuwait,1
Lebanon,11,0,2009-06-17,Lebanon,1
Luxembourg,2,0,2009-06-17,Luxembourg,1
Malaysia,17,0,2009-06-17,Malaysia,1
Mexico,6241,108,2009-06-17,Mexico,1
Morocco,3,0,2009-06-17,Morocco,1
Netherlands,68,0,2009-06-17,Netherlands,1
"Netherlands, Curacao, OT",1,0,2009-06-17,"Netherlands, Curacao, OT",0
New Zealand,127,0,2009-06-17,New Zealand,1
Nicaragua,118,0,2009-06-17,Nicaragua,1
Norway,13,0,2009-06-17,Norway,1
Panama,272,0,2009-06-17,Panama,1
Paraguay,25,0,2009-06-17,Paraguay,1
Peru,112,0,2009-06-17,Peru,1
Philippines,193,0,2009-06-17,Philippines,1
Poland,7,0,2009-06-17,Poland,1
Portugal,3,0,2009-06-17,Portugal,1
Qatar,3,0,2009-06-17,Qatar,1
Romania,16,0,2009-06-17,Romania,1
Russia,3,0,2009-06-17,Russian Federation,1
Samoa,1,0,2009-06-17,Samoa,1
Saudi Arabia,17,0,2009-06-17,Saudi Arabia,1
Singapore,49,0,2009-06-17,Singapore,1
Slovakia,3,0,2009-06-17,Slovakia,1
Spain,499,0,2009-06-17,Spain,1
Sri Lanka,1,0,2009-06-17,Sri Lanka,1
Sweden,37,0,2009-06-17,Sweden,1
Switzerland,27,0,2009-06-17,Switzerland,1
Thailand,310,0,2009-06-17,Thailand,1
Trinidad and Tobago,5,0,2009-06-17,Trinidad and Tobago,1
Turkey,16,0,2009-06-17,Turkey,1
Ukraine,1,0,2009-06-17,Ukraine,1
United Arab Emirates,1,0,2009-06-17,United Arab Emirates,1
United Kingdom,1461,1,2009-06-17,United Kingdom,1
"United Kingdom, Isle of Man, Crown Dependency",1,0,2009-06-17,"United Kingdom, Isle of Man, Crown Dependency",0
"United Kingdom, Jersey, Crown Dependency",1,0,2009-06-17,"United Kingdom, Jersey, Crown Dependency",0
United States of America,17855,44,2009-06-17,United States of America*,0
Uruguay,36,0,2009-06-17,Uruguay,1
Venezuela,45,0,2009-06-17,"Venezuela, Bolivarian Republic of",1
Viet Nam,27,0,2009-06-17,Viet Nam,1
West Bank and Gaza Strip,2,0,2009-06-17,West Bank and Gaza Strip,0
Yemen,1,0,2009-06-17,Yemen,1
Argentina,343,0,2009-06-15,Argentina,1
Australia,1823,0,2009-06-15,Australia,1
Austria,7,0,2009-06-15,Austria,1
Bahamas,1,0,2009-06-15,Bahamas,1
Bahrain,1,0,2009-06-15,Bahrain,1
Barbados,3,0,2009-06-15,Barbados,1
Belgium,17,0,2009-06-15,Belgium,1
Bolivia,7,0,2009-06-15,"Bolivia, Plurinational State of",1
Brazil,54,0,2009-06-15,Brazil,1
Bulgaria,2,0,2009-06-15,Bulgaria,1
Canada,2978,4,2009-06-15,Canada,1
"Cayman Islands, UKOT",2,0,2009-06-15,"Cayman Islands, UKOT",0
Chile,1694,2,2009-06-15,Chile,1
China,318,0,2009-06-15,China,1
Colombia,42,1,2009-06-15,Colombia,1
Costa Rica,104,1,2009-06-15,Costa Rica,1
Cuba,6,0,2009-06-15,Cuba,1
Cyprus,1,0,2009-06-15,Cyprus,1
Czech Republic,4,0,2009-06-15,Czechia,1
Denmark,12,0,2009-06-15,Denmark,1
Dominica,1,0,2009-06-15,Dominica,1
Dominican Republic,93,1,2009-06-15,Dominican Republic,1
Ecuador,80,0,2009-06-15,Ecuador,1
Egypt,18,0,2009-06-15,Egypt,1
El Salvador,95,0,2009-06-15,El Salvador,1
Estonia,4,0,2009-06-15,Estonia,1
Finland,4,0,2009-06-15,Finland,1
France,80,0,2009-06-15,France,1
Germany,170,0,2009-06-15,Germany,1
Greece,19,0,2009-06-15,Greece,1
Guatemala,119,1,2009-06-15,Guatemala,1
Honduras,89,0,2009-06-15,Honduras,1
Hungary,4,0,2009-06-15,Hungary,1
Iceland,4,0,2009-06-15,Iceland,1
India,16,0,2009-06-15,India,1
Ireland,12,0,2009-06-15,Ireland,1
Israel,117,0,2009-06-15,Israel,1
Italy,67,0,2009-06-15,Italy,1
Jamaica,11,0,2009-06-15,Jamaica,1
Japan,605,0,2009-06-15,Japan,1
"Korea, Republic of",65,0,2009-06-15,"Korea, Republic of",1
Kuwait,18,0,2009-06-15,Kuwait,1
Lebanon,8,0,2009-06-15,Lebanon,1
Luxembourg,1,0,2009-06-15,Luxembourg,1
Malaysia,5,0,2009-06-15,Malaysia,1
Mexico,6241,108,2009-06-15,Mexico,1
Morocco,1,0,2009-06-15,Morocco,1
Netherlands,61,0,2009-06-15,Netherlands,1
New Zealand,86,0,2009-06-15,New Zealand,1
Nicaragua,56,0,2009-06-15,Nicaragua,1
Norway,13,0,2009-06-15,Norway,1
Panama,272,0,2009-06-15,Panama,1
Paraguay,25,0,2009-06-15,Paraguay,1
Peru,91,0,2009-06-15,Peru,1
Philippines,77,0,2009-06-15,Philippines,1
Poland,7,0,2009-06-15,Poland,1
Portugal,3,0,2009-06-15,Portugal,1
Romania,13,0,2009-06-15,Romania,1
Russia,3,0,2009-06-15,Russian Federation,1
Saudi Arabia,11,0,2009-06-15,Saudi Arabia,1
Singapore,47,0,2009-06-15,Singapore,1
Slovakia,3,0,2009-06-15,Slovakia,1
Spain,488,0,2009-06-15,Spain,1
Sweden,32,0,2009-06-15,Sweden,1
Switzerland,22,0,2009-06-15,Switzerland,1
Thailand,29,0,2009-06-15,Thailand,1
Trinidad and Tobago,5,0,2009-06-15,Trinidad and Tobago,1
Turkey,10,0,2009-06-15,Turkey,1
Ukraine,1,0,2009-06-15,Ukraine,1
United Arab Emirates,1,0,2009-06-15,United Arab Emirates,1
United Kingdom,1226,0,2009-06-15,United Kingdom,1
United States of America,17855,45,2009-06-15,United States,1
Uruguay,36,0,2009-06-15,Uruguay,1
Venezuela,25,0,2009-06-15,"Venezuela, Bolivarian Republic of",1
Viet Nam,25,0,2009-06-15,Viet Nam,1
West Bank and Gaza Strip,2,0,2009-06-15,West Bank and Gaza Strip,0
Argentina,343,0,2009-06-12,Argentina,1
Australia,1307,0,2009-06-12,Australia,1
Austria,7,0,2009-06-12,Austria,1
Bahamas,1,0,2009-06-12,Bahamas,1
Bahrain,1,0,2009-06-12,Bahrain,1
Barbados,3,0,2009-06-12,Barbados,1
Belgium,14,0,2009-06-12,Belgium,1
Bolivia,5,0,2009-06-12,"Bolivia, Plurinational State of",1
Brazil,52,0,2009-06-12,Brazil,1
Bulgaria,2,0,2009-06-12,Bulgaria,1
Canada,2978,4,2009-06-12,Canada,1
"Cayman Islands, UKOT",2,0,2009-06-12,"Cayman Islands, UKOT",0
Chile,1694,2,2009-06-12,Chile,1
China,188,0,2009-06-12,China,1
Colombia,35,1,2009-06-12,Colombia,1
Costa Rica,104,1,2009-06-12,Costa Rica,1
Cuba,6,0,2009-06-12,Cuba,1
Cyprus,1,0,2009-06-12,Cyprus,1
Czech Republic,4,0,2009-06-12,Czechia,1
Denmark,11,0,2009-06-12,Denmark,1
Dominica,1,0,2009-06-12,Dominica,1
Dominican Republic,91,1,2009-06-12,Dominican Republic,1
Ecuador,67,0,2009-06-12,Ecuador,1
Egypt,10,0,2009-06-12,Egypt,1
El Salvador,69,0,2009-06-12,El Salvador,1
Estonia,4,0,2009-06-12,Estonia,1
Finland,4,0,2009-06-12,Finland,1
France,73,0,2009-06-12,France,1
Germany,95,0,2009-06-12,Germany,1
Greece,7,0,2009-06-12,Greece,1
Guatemala,74,1,2009-06-12,Guatemala,1
Honduras,89,0,2009-06-12,Honduras,1
Hungary,4,0,2009-06-12,Hungary,1
Iceland,4,0,2009-06-12,Iceland,1
India,9,0,2009-06-12,India,1
Ireland,12,0,2009-06-12,Ireland,1
Israel,68,0,2009-06-12,Israel,1
Italy,56,0,2009-06-12,Italy,1
Jamaica,11,0,2009-06-12,Jamaica,1
Japan,549,0,2009-06-12,Japan,1
"Korea, Republic of",53,0,2009-06-12,"Korea, Republic of",1
Kuwait,18,0,2009-06-12,Kuwait,1
Lebanon,8,0,2009-06-12,Lebanon,1
Luxembourg,1,0,2009-06-12,Luxembourg,1
Malaysia,5,0,2009-06-12,Malaysia,1
Mexico,6241,108,2009-06-12,Mexico,1
Netherlands,35,0,2009-06-12,Netherlands,1
New Zealand,27,0,2009-06-12,New Zealand,1
Nicaragua,56,0,2009-06-12,Nicaragua,1
Norway,13,0,2009-06-12,Norway,1
Panama,221,0,2009-06-12,Panama,1
Paraguay,25,0,2009-06-12,Paraguay,1
Peru,79,0,2009-06-12,Peru,1
Philippines,77,0,2009-06-12,Philippines,1
Poland,7,0,2009-06-12,Poland,1
Portugal,2,0,2009-06-12,Portugal,1
Romania,11,0,2009-06-12,Romania,1
Russia,3,0,2009-06-12,Russian Federation,1
Saudi Arabia,1,0,2009-06-12,Saudi Arabia,1
Singapore,18,0,2009-06-12,Singapore,1
Slovakia,3,0,2009-06-12,Slovakia,1
Spain,488,0,2009-06-12,Spain,1
Sweden,19,0,2009-06-12,Sweden,1
Switzerland,20,0,2009-06-12,Switzerland,1
Thailand,8,0,2009-06-12,Thailand,1
Trinidad and Tobago,4,0,2009-06-12,Trinidad and Tobago,1
Turkey,10,0,2009-06-12,Turkey,1
Ukraine,1,0,2009-06-12,Ukraine,1
United Arab Emirates,1,0,2009-06-12,United Arab Emirates,1
United Kingdom,822,0,2009-06-12,United Kingdom,1
United States of America,13217,27,2009-06-12,United States,1
Uruguay,36,0,2009-06-12,Uruguay,1
Venezuela,25,0,2009-06-12,"Venezuela, Bolivarian Republic of",1
Viet Nam,23,0,2009-06-12,Viet Nam,1
Argentina,256,0,2009-06-11,Argentina,1
Australia,1307,0,2009-06-11,Australia,1
Austria,7,0,2009-06-11,Austria,1
Bahamas,1,0,2009-06-11,Bahamas,1
Bahrain,1,0,2009-06-11,Bahrain,1
Barbados,3,0,2009-06-11,Barbados,1
Belgium,14,0,2009-06-11,Belgium,1
Bolivia,5,0,2009-06-11,"Bolivia, Plurinational State of",1
Brazil,40,0,2009-06-11,Brazil,1
Bulgaria,2,0,2009-06-11,Bulgaria,1
Canada,2446,4,2009-06-11,Canada,1
"Cayman Islands, UKOT",2,0,2009-06-11,"Cayman Islands, UKOT",0
Chile,1694,2,2009-06-11,Chile,1
China,174,0,2009-06-11,China,1
Colombia,35,1,2009-06-11,Colombia,1
Costa Rica,104,1,2009-06-11,Costa Rica,1
Cuba,5,0,2009-06-11,Cuba,1
Cyprus,1,0,2009-06-11,Cyprus,1
Czech Republic,4,0,2009-06-11,Czechia,1
Denmark,10,0,2009-06-11,Denmark,1
Dominica,1,0,2009-06-11,Dominica,1
Dominican Republic,91,1,2009-06-11,Dominican Republic,1
Ecuador,67,0,2009-06-11,Ecuador,1
Egypt,10,0,2009-06-11,Egypt,1
El Salvador,69,0,2009-06-11,El Salvador,1
Estonia,4,0,2009-06-11,Estonia,1
Finland,4,0,2009-06-11,Finland,1
France,73,0,2009-06-11,France,1
Germany,95,0,2009-06-11,Germany,1
Greece,7,0,2009-06-11,Greece,1
Guatemala,60,0,2009-06-11,Guatemala,1
Honduras,89,0,2009-06-11,Honduras,1
Hungary,4,0,2009-06-11,Hungary,1
Iceland,3,0,2009-06-11,Iceland,1
India,9,0,2009-06-11,India,1
Ireland,12,0,2009-06-11,Ireland,1
Israel,68,0,2009-06-11,Israel,1
Italy,54,0,2009-06-11,Italy,1
Jamaica,10,0,2009-06-11,Jamaica,1
Japan,518,0,2009-06-11,Japan,1
"Korea, Republic of",53,0,2009-06-11,"Korea, Republic of",1
Kuwait,18,0,2009-06-11,Kuwait,1
Lebanon,8,0,2009-06-11,Lebanon,1
Luxembourg,1,0,2009-06-11,Luxembourg,1
Malaysia,5,0,2009-06-11,Malaysia,1
Mexico,6241,108,2009-06-11,Mexico,1
Netherlands,30,0,2009-06-11,Netherlands,1
New Zealand,23,0,2009-06-11,New Zealand,1
Nicaragua,45,0,2009-06-11,Nicaragua,1
Norway,13,0,2009-06-11,Norway,1
Panama,221,0,2009-06-11,Panama,1
Paraguay,25,0,2009-06-11,Paraguay,1
Peru,64,0,2009-06-11,Peru,1
Philippines,77,0,2009-06-11,Philippines,1
Poland,7,0,2009-06-11,Poland,1
Portugal,2,0,2009-06-11,Portugal,1
Romania,11,0,2009-06-11,Romania,1
Russia,3,0,2009-06-11,Russian Federation,1
Saudi Arabia,1,0,2009-06-11,Saudi Arabia,1
Singapore,18,0,2009-06-11,Singapore,1
Slovakia,3,0,2009-06-11,Slovakia,1
Spain,357,0,2009-06-11,Spain,1
Sweden,19,0,2009-06-11,Sweden,1
Switzerland,20,0,2009-06-11,Switzerland,1
Thailand,8,0,2009-06-11,Thailand,1
Trinidad and Tobago,2,0,2009-06-11,Trinidad and Tobago,1
Turkey,10,0,2009-06-11,Turkey,1
Ukraine,1,0,2009-06-11,Ukraine,1
United Arab Emirates,1,0,2009-06-11,United Arab Emirates,1
United Kingdom,822,0,2009-06-11,United Kingdom,1
United States of America,13217,27,2009-06-11,United States,1
Uruguay,24,0,2009-06-11,Uruguay,1
Venezuela,13,0,2009-06-11,"Venezuela, Bolivarian Republic of",1
Viet Nam,16,0,2009-06-11,Viet Nam,1
Argentina,235,0,2009-06-10,Argentina,1
Australia,1224,0,2009-06-10,Australia,1
Austria,5,0,2009-06-10,Austria,1
Bahamas,2,0,2009-06-10,Bahamas,1
Bahrain,1,0,2009-06-10,Bahrain,1
Barbados,2,0,2009-06-10,Barbados,1
Belgium,14,0,2009-06-10,Belgium,1
Bolivia,3,0,2009-06-10,"Bolivia, Plurinational State of",1
Brazil,36,0,2009-06-10,Brazil,1
Bulgaria,2,0,2009-06-10,Bulgaria,1
Canada,2446,4,2009-06-10,Canada,1
"Cayman Islands, UKOT",1,0,2009-06-10,"Cayman Islands, UKOT",0
Chile,1694,2,2009-06-10,Chile,1
China,142,0,2009-06-10,China,1
Colombia,35,0,2009-06-10,Colombia,1
Costa Rica,93,1,2009-06-10,Costa Rica,1
Cuba,5,0,2009-06-10,Cuba,1
Cyprus,1,0,2009-06-10,Cyprus,1
Czech Republic,2,0,2009-06-10,Czechia,1
Denmark,8,0,2009-06-10,Denmark,1
Dominica,1,0,2009-06-10,Dominica,1
Dominican Republic,91,1,2009-06-10,Dominican Republic,1
Ecuador,60,0,2009-06-10,Ecuador,1
Egypt,8,0,2009-06-10,Egypt,1
El Salvador,69,0,2009-06-10,El Salvador,1
Estonia,4,0,2009-06-10,Estonia,1
Finland,4,0,2009-06-10,Finland,1
France,71,0,2009-06-10,France,1
Germany,78,0,2009-06-10,Germany,1
Greece,5,0,2009-06-10,Greece,1
Guatemala,60,0,2009-06-10,Guatemala,1
Honduras,89,0,2009-06-10,Honduras,1
Hungary,3,0,2009-06-10,Hungary,1
Iceland,2,0,2009-06-10,Iceland,1
India,4,0,2009-06-10,India,1
Ireland,12,0,2009-06-10,Ireland,1
Israel,63,0,2009-06-10,Israel,1
Italy,50,0,2009-06-10,Italy,1
Jamaica,7,0,2009-06-10,Jamaica,1
Japan,485,0,2009-06-10,Japan,1
"Korea, Republic of",48,0,2009-06-10,"Korea, Republic of",1
Kuwait,18,0,2009-06-10,Kuwait,1
Lebanon,8,0,2009-06-10,Lebanon,1
Luxembourg,1,0,2009-06-10,Luxembourg,1
Malaysia,5,0,2009-06-10,Malaysia,1
Mexico,5717,106,2009-06-10,Mexico,1
Netherlands,22,0,2009-06-10,Netherlands,1
New Zealand,23,0,2009-06-10,New Zealand,1
Nicaragua,29,0,2009-06-10,Nicaragua,1
Norway,9,0,2009-06-10,Norway,1
Panama,221,0,2009-06-10,Panama,1
Paraguay,16,0,2009-06-10,Paraguay,1
Peru,64,0,2009-06-10,Peru,1
Philippines,54,0,2009-06-10,Philippines,1
Poland,6,0,2009-06-10,Poland,1
Portugal,2,0,2009-06-10,Portugal,1
Romania,9,0,2009-06-10,Romania,1
Russia,3,0,2009-06-10,Russian Federation,1
Saudi Arabia,1,0,2009-06-10,Saudi Arabia,1
Singapore,18,0,2009-06-10,Singapore,1
Slovakia,3,0,2009-06-10,Slovakia,1
Spain,331,0,2009-06-10,Spain,1
Sweden,16,0,2009-06-10,Sweden,1
Switzerland,16,0,2009-06-10,Switzerland,1
Thailand,8,0,2009-06-10,Thailand,1
Trinidad and Tobago,2,0,2009-06-10,Trinidad and Tobago,1
Turkey,10,0,2009-06-10,Turkey,1
Ukraine,1,0,2009-06-10,Ukraine,1
United Arab Emirates,1,0,2009-06-10,United Arab Emirates,1
United Kingdom,666,0,2009-06-10,United Kingdom,1
United States of America,13217,27,2009-06-10,United States,1
Uruguay,24,0,2009-06-10,Uruguay,1
Venezuela,12,0,2009-06-10,"Venezuela, Bolivarian Republic of",1
Viet Nam,15,0,2009-06-10,Viet Nam,1
Argentina,202,0,2009-06-08,Argentina,1
Australia,1051,0,2009-06-08,Australia,1
Austria,5,0,2009-06-08,Austria,1
Bahamas,1,0,2009-06-08,Bahamas,1
Bahrain,1,0,2009-06-08,Bahrain,1
Barbados,2,0,2009-06-08,Barbados,1
Belgium,14,0,2009-06-08,Belgium,1
Bolivia,3,0,2009-06-08,"Bolivia, Plurinational State of",1
Brazil,35,0,2009-06-08,Brazil,1
Bulgaria,2,0,2009-06-08,Bulgaria,1
Canada,2115,3,2009-06-08,Canada,1
"Cayman Islands, UKOT",1,0,2009-06-08,"Cayman Islands, UKOT",0
Chile,411,1,2009-06-08,Chile,1
China,108,0,2009-06-08,China,1
Colombia,25,0,2009-06-08,Colombia,1
Costa Rica,68,1,2009-06-08,Costa Rica,1
Cuba,5,0,2009-06-08,Cuba,1
Cyprus,1,0,2009-06-08,Cyprus,1
Czech Republic,2,0,2009-06-08,Czechia,1
Denmark,7,0,2009-06-08,Denmark,1
Dominica,1,0,2009-06-08,Dominica,1
Dominican Republic,44,1,2009-06-08,Dominican Republic,1
Ecuador,60,0,2009-06-08,Ecuador,1
Egypt,1,0,2009-06-08,Egypt,1
El Salvador,69,0,2009-06-08,El Salvador,1
Estonia,3,0,2009-06-08,Estonia,1
Finland,4,0,2009-06-08,Finland,1
France,58,0,2009-06-08,France,1
Germany,63,0,2009-06-08,Germany,1
Greece,5,0,2009-06-08,Greece,1
Guatemala,30,0,2009-06-08,Guatemala,1
Honduras,34,0,2009-06-08,Honduras,1
Hungary,3,0,2009-06-08,Hungary,1
Iceland,1,0,2009-06-08,Iceland,1
India,4,0,2009-06-08,India,1
Ireland,11,0,2009-06-08,Ireland,1
Israel,54,0,2009-06-08,Israel,1
Italy,50,0,2009-06-08,Italy,1
Jamaica,4,0,2009-06-08,Jamaica,1
Japan,410,0,2009-06-08,Japan,1
"Korea, Republic of",47,0,2009-06-08,"Korea, Republic of",1
Kuwait,18,0,2009-06-08,Kuwait,1
Lebanon,3,0,2009-06-08,Lebanon,1
Luxembourg,1,0,2009-06-08,Luxembourg,1
Malaysia,5,0,2009-06-08,Malaysia,1
Mexico,5717,106,2009-06-08,Mexico,1
Netherlands,10,0,2009-06-08,Netherlands,1
New Zealand,14,0,2009-06-08,New Zealand,1
Nicaragua,18,0,2009-06-08,Nicaragua,1
Norway,9,0,2009-06-08,Norway,1
Panama,179,0,2009-06-08,Panama,1
Paraguay,5,0,2009-06-08,Paraguay,1
Peru,61,0,2009-06-08,Peru,1
Philippines,33,0,2009-06-08,Philippines,1
Poland,5,0,2009-06-08,Poland,1
Portugal,2,0,2009-06-08,Portugal,1
Romania,9,0,2009-06-08,Romania,1
Russia,3,0,2009-06-08,Russian Federation,1
Saudi Arabia,1,0,2009-06-08,Saudi Arabia,1
Singapore,15,0,2009-06-08,Singapore,1
Slovakia,3,0,2009-06-08,Slovakia,1
Spain,291,0,2009-06-08,Spain,1
Sweden,14,0,2009-06-08,Sweden,1
Switzerland,16,0,2009-06-08,Switzerland,1
Thailand,8,0,2009-06-08,Thailand,1
Trinidad and Tobago,2,0,2009-06-08,Trinidad and Tobago,1
Turkey,10,0,2009-06-08,Turkey,1
United Arab Emirates,1,0,2009-06-08,United Arab Emirates,1
United Kingdom,557,0,2009-06-08,United Kingdom,1
United States of America,13217,27,2009-06-08,United States,1
Uruguay,17,0,2009-06-08,Uruguay,1
Venezuela,4,0,2009-06-08,"Venezuela, Bolivarian Republic of",1
Viet Nam,9,0,2009-06-08,Viet Nam,1
Argentina,147,0,2009-06-05,Argentina,1
Australia,876,0,2009-06-05,Australia,1
Austria,2,0,2009-06-05,Austria,1
Bahamas,1,0,2009-06-05,Bahamas,1
Bahrain,1,0,2009-06-05,Bahrain,1
Barbados,1,0,2009-06-05,Barbados,1
Belgium,13,0,2009-06-05,Belgium,1
Bolivia,3,0,2009-06-05,"Bolivia, Plurinational State of",1
Brazil,28,0,2009-06-05,Brazil,1
Bulgaria,1,0,2009-06-05,Bulgaria,1
Canada,1795,3,2009-06-05,Canada,1
Chile,369,1,2009-06-05,Chile,1
China,89,0,2009-06-05,China,1
Colombia,24,0,2009-06-05,Colombia,1
Costa Rica,68,1,2009-06-05,Costa Rica,1
Cuba,4,0,2009-06-05,Cuba,1
Cyprus,1,0,2009-06-05,Cyprus,1
Czech Republic,2,0,2009-06-05,Czechia,1
Denmark,4,0,2009-06-05,Denmark,1
Dominican Republic,33,0,2009-06-05,Dominican Republic,1
Ecuador,43,0,2009-06-05,Ecuador,1
Egypt,1,0,2009-06-05,Egypt,1
El Salvador,49,0,2009-06-05,El Salvador,1
Estonia,3,0,2009-06-05,Estonia,1
Finland,4,0,2009-06-05,Finland,1
France,47,0,2009-06-05,France,1
Germany,43,0,2009-06-05,Germany,1
Greece,5,0,2009-06-05,Greece,1
Guatemala,23,0,2009-06-05,Guatemala,1
Honduras,34,0,2009-06-05,Honduras,1
Hungary,3,0,2009-06-05,Hungary,1
Iceland,1,0,2009-06-05,Iceland,1
India,4,0,2009-06-05,India,1
Ireland,8,0,2009-06-05,Ireland,1
Israel,39,0,2009-06-05,Israel,1
Italy,38,0,2009-06-05,Italy,1
Jamaica,2,0,2009-06-05,Jamaica,1
Japan,410,0,2009-06-05,Japan,1
"Korea, Republic of",41,0,2009-06-05,"Korea, Republic of",1
Kuwait,18,0,2009-06-05,Kuwait,1
Lebanon,3,0,2009-06-05,Lebanon,1
Luxembourg,1,0,2009-06-05,Luxembourg,1
Malaysia,2,0,2009-06-05,Malaysia,1
Mexico,5563,103,2009-06-05,Mexico,1
Netherlands,4,0,2009-06-05,Netherlands,1
New Zealand,11,0,2009-06-05,New Zealand,1
Nicaragua,5,0,2009-06-05,Nicaragua,1
Norway,9,0,2009-06-05,Norway,1
Panama,173,0,2009-06-05,Panama,1
Paraguay,5,0,2009-06-05,Paraguay,1
Peru,47,0,2009-06-05,Peru,1
Philippines,29,0,2009-06-05,Philippines,1
Poland,4,0,2009-06-05,Poland,1
Portugal,2,0,2009-06-05,Portugal,1
Romania,8,0,2009-06-05,Romania,1
Russia,3,0,2009-06-05,Russian Federation,1
Saudi Arabia,1,0,2009-06-05,Saudi Arabia,1
Singapore,12,0,2009-06-05,Singapore,1
Slovakia,3,0,2009-06-05,Slovakia,1
Spain,218,0,2009-06-05,Spain,1
Sweden,13,0,2009-06-05,Sweden,1
Switzerland,10,0,2009-06-05,Switzerland,1
Thailand,8,0,2009-06-05,Thailand,1
Turkey,8,0,2009-06-05,Turkey,1
United Kingdom,428,0,2009-06-05,United Kingdom,1
United States of America,11054,17,2009-06-05,United States,1
Uruguay,15,0,2009-06-05,Uruguay,1
Venezuela,4,0,2009-06-05,"Venezuela, Bolivarian Republic of",1
Viet Nam,3,0,2009-06-05,Viet Nam,1
Argentina,131,0,2009-06-03,Argentina,1
Australia,501,0,2009-06-03,Australia,1
Austria,1,0,2009-06-03,Austria,1
Bahamas,1,0,2009-06-03,Bahamas,1
Bahrain,1,0,2009-06-03,Bahrain,1
Belgium,13,0,2009-06-03,Belgium,1
Bolivia,3,0,2009-06-03,"Bolivia, Plurinational State of",1
Brazil,20,0,2009-06-03,Brazil,1
Bulgaria,1,0,2009-06-03,Bulgaria,1
Canada,1530,2,2009-06-03,Canada,1
Chile,313,0,2009-06-03,Chile,1
China,69,0,2009-06-03,China,1
Colombia,20,0,2009-06-03,Colombia,1
Costa Rica,50,1,2009-06-03,Costa Rica,1
Cuba,4,0,2009-06-03,Cuba,1
Cyprus,1,0,2009-06-03,Cyprus,1
Czech Republic,1,0,2009-06-03,Czechia,1
Denmark,1,0,2009-06-03,Denmark,1
Dominican Republic,11,0,2009-06-03,Dominican Republic,1
Ecuador,39,0,2009-06-03,Ecuador,1
Egypt,1,0,2009-06-03,Egypt,1
El Salvador,41,0,2009-06-03,El Salvador,1
Estonia,1,0,2009-06-03,Estonia,1
Finland,4,0,2009-06-03,Finland,1
France,26,0,2009-06-03,France,1
Germany,28,0,2009-06-03,Germany,1
Greece,5,0,2009-06-03,Greece,1
Guatemala,14,0,2009-06-03,Guatemala,1
Honduras,2,0,2009-06-03,Honduras,1
Hungary,1,0,2009-06-03,Hungary,1
Iceland,1,0,2009-06-03,Iceland,1
India,1,0,2009-06-03,India,1
Ireland,4,0,2009-06-03,Ireland,1
Israel,33,0,2009-06-03,Israel,1
Italy,30,0,2009-06-03,Italy,1
Jamaica,2,0,2009-06-03,Jamaica,1
Japan,385,0,2009-06-03,Japan,1
"Korea, Republic of",41,0,2009-06-03,"Korea, Republic of",1
Kuwait,18,0,2009-06-03,Kuwait,1
Lebanon,3,0,2009-06-03,Lebanon,1
Malaysia,2,0,2009-06-03,Malaysia,1
Mexico,5029,97,2009-06-03,Mexico,1
Netherlands,4,0,2009-06-03,Netherlands,1
New Zealand,10,0,2009-06-03,New Zealand,1
Nicaragua,1,0,2009-06-03,Nicaragua,1
Norway,4,0,2009-06-03,Norway,1
Panama,155,0,2009-06-03,Panama,1
Paraguay,5,0,2009-06-03,Paraguay,1
Peru,40,0,2009-06-03,Peru,1
Philippines,16,0,2009-06-03,Philippines,1
Poland,4,0,2009-06-03,Poland,1
Portugal,2,0,2009-06-03,Portugal,1
Romania,5,0,2009-06-03,Romania,1
Russia,3,0,2009-06-03,Russian Federation,1
Singapore,9,0,2009-06-03,Singapore,1
Slovakia,2,0,2009-06-03,Slovakia,1
Spain,180,0,2009-06-03,Spain,1
Sweden,7,0,2009-06-03,Sweden,1
Switzerland,10,0,2009-06-03,Switzerland,1
Thailand,2,0,2009-06-03,Thailand,1
Turkey,4,0,2009-06-03,Turkey,1
United Kingdom,339,0,2009-06-03,United Kingdom,1
United States of America,10053,17,2009-06-03,United States,1
Uruguay,15,0,2009-06-03,Uruguay,1
Venezuela,3,0,2009-06-03,"Venezuela, Bolivarian Republic of",1
Viet Nam,3,0,2009-06-03,Viet Nam,1
Argentina,100,0,2009-06-01,Argentina,1
Australia,297,0,2009-06-01,Australia,1
Austria,1,0,2009-06-01,Austria,1
Bahamas,1,0,2009-06-01,Bahamas,1
Bahrain,1,0,2009-06-01,Bahrain,1
Belgium,12,0,2009-06-01,Belgium,1
Bolivia,3,0,2009-06-01,"Bolivia, Plurinational State of",1
Brazil,18,0,2009-06-01,Brazil,1
Canada,1336,2,2009-06-01,Canada,1
Chile,250,0,2009-06-01,Chile,1
China,52,0,2009-06-01,China,1
Colombia,20,0,2009-06-01,Colombia,1
Costa Rica,37,1,2009-06-01,Costa Rica,1
Cuba,4,0,2009-06-01,Cuba,1
Cyprus,1,0,2009-06-01,Cyprus,1
Czech Republic,1,0,2009-06-01,Czechia,1
Denmark,1,0,2009-06-01,Denmark,1
Dominican Republic,2,0,2009-06-01,Dominican Republic,1
Ecuador,39,0,2009-06-01,Ecuador,1
El Salvador,27,0,2009-06-01,El Salvador,1
Estonia,1,0,2009-06-01,Estonia,1
Finland,3,0,2009-06-01,Finland,1
France,24,0,2009-06-01,France,1
Germany,28,0,2009-06-01,Germany,1
Greece,4,0,2009-06-01,Greece,1
Guatemala,12,0,2009-06-01,Guatemala,1
Honduras,2,0,2009-06-01,Honduras,1
Hungary,1,0,2009-06-01,Hungary,1
Iceland,1,0,2009-06-01,Iceland,1
India,1,0,2009-06-01,India,1
Ireland,4,0,2009-06-01,Ireland,1
Israel,19,0,2009-06-01,Israel,1
Italy,29,0,2009-06-01,Italy,1
Jamaica,2,0,2009-06-01,Jamaica,1
Japan,370,0,2009-06-01,Japan,1
"Korea, Republic of",33,0,2009-06-01,"Korea, Republic of",1
Kuwait,18,0,2009-06-01,Kuwait,1
Malaysia,2,0,2009-06-01,Malaysia,1
Mexico,5029,97,2009-06-01,Mexico,1
Netherlands,3,0,2009-06-01,Netherlands,1
New Zealand,9,0,2009-06-01,New Zealand,1
Norway,4,0,2009-06-01,Norway,1
Panama,107,0,2009-06-01,Panama,1
Paraguay,5,0,2009-06-01,Paraguay,1
Peru,36,0,2009-06-01,Peru,1
Philippines,16,0,2009-06-01,Philippines,1
Poland,4,0,2009-06-01,Poland,1
Portugal,1,0,2009-06-01,Portugal,1
Romania,3,0,2009-06-01,Romania,1
Russia,3,0,2009-06-01,Russian Federation,1
Singapore,5,0,2009-06-01,Singapore,1
Slovakia,2,0,2009-06-01,Slovakia,1
Spain,178,0,2009-06-01,Spain,1
Sweden,4,0,2009-06-01,Sweden,1
Switzerland,8,0,2009-06-01,Switzerland,1
Thailand,2,0,2009-06-01,Thailand,1
Turkey,4,0,2009-06-01,Turkey,1
United Kingdom,229,0,2009-06-01,United Kingdom,1
United States of America,8975,15,2009-06-01,United States,1
Uruguay,11,0,2009-06-01,Uruguay,1
Venezuela,2,0,2009-06-01,"Venezuela, Bolivarian Republic of",1
Viet Nam,1,0,2009-06-01,Viet Nam,1
Argentina,37,0,2009-05-29,Argentina,1
Australia,147,0,2009-05-29,Australia,1
Austria,1,0,2009-05-29,Austria,1
Bahrain,1,0,2009-05-29,Bahrain,1
Belgium,8,0,2009-05-29,Belgium,1
Brazil,10,0,2009-05-29,Brazil,1
Canada,1118,2,2009-05-29,Canada,1
Chile,165,0,2009-05-29,Chile,1
China,30,0,2009-05-29,China,1
Colombia,17,0,2009-05-29,Colombia,1
Costa Rica,33,1,2009-05-29,Costa Rica,1
Cuba,4,0,2009-05-29,Cuba,1
Czech Republic,1,0,2009-05-29,Czechia,1
Denmark,1,0,2009-05-29,Denmark,1
Dominican Republic,2,0,2009-05-29,Dominican Republic,1
Ecuador,32,0,2009-05-29,Ecuador,1
El Salvador,11,0,2009-05-29,El Salvador,1
Finland,3,0,2009-05-29,Finland,1
France,21,0,2009-05-29,France,1
Germany,19,0,2009-05-29,Germany,1
Greece,3,0,2009-05-29,Greece,1
Guatemala,5,0,2009-05-29,Guatemala,1
Honduras,1,0,2009-05-29,Honduras,1
Iceland,1,0,2009-05-29,Iceland,1
India,1,0,2009-05-29,India,1
Ireland,3,0,2009-05-29,Ireland,1
Israel,11,0,2009-05-29,Israel,1
Italy,26,0,2009-05-29,Italy,1
Japan,364,0,2009-05-29,Japan,1
"Korea, Republic of",33,0,2009-05-29,"Korea, Republic of",1
Kuwait,18,0,2009-05-29,Kuwait,1
Malaysia,2,0,2009-05-29,Malaysia,1
Mexico,4910,85,2009-05-29,Mexico,1
Netherlands,3,0,2009-05-29,Netherlands,1
New Zealand,9,0,2009-05-29,New Zealand,1
Norway,4,0,2009-05-29,Norway,1
Panama,107,0,2009-05-29,Panama,1
Peru,31,0,2009-05-29,Peru,1
Philippines,6,0,2009-05-29,Philippines,1
Poland,4,0,2009-05-29,Poland,1
Portugal,1,0,2009-05-29,Portugal,1
Romania,3,0,2009-05-29,Romania,1
Russia,2,0,2009-05-29,Russian Federation,1
Singapore,4,0,2009-05-29,Singapore,1
Slovakia,1,0,2009-05-29,Slovakia,1
Spain,143,0,2009-05-29,Spain,1
Sweden,4,0,2009-05-29,Sweden,1
Switzerland,4,0,2009-05-29,Switzerland,1
Thailand,2,0,2009-05-29,Thailand,1
Turkey,2,0,2009-05-29,Turkey,1
United Kingdom,203,0,2009-05-29,United Kingdom,1
United States of America,7927,11,2009-05-29,United States,1
Uruguay,2,0,2009-05-29,Uruguay,1
Argentina,19,0,2009-05-27,Argentina,1
Australia,39,0,2009-05-27,Australia,1
Austria,1,0,2009-05-27,Austria,1
Bahrain,1,0,2009-05-27,Bahrain,1
Belgium,7,0,2009-05-27,Belgium,1
Brazil,9,0,2009-05-27,Brazil,1
Canada,921,1,2009-05-27,Canada,1
Chile,86,0,2009-05-27,Chile,1
China,22,0,2009-05-27,China,1
Colombia,16,0,2009-05-27,Colombia,1
Costa Rica,33,1,2009-05-27,Costa Rica,1
Cuba,4,0,2009-05-27,Cuba,1
Denmark,1,0,2009-05-27,Denmark,1
Ecuador,28,0,2009-05-27,Ecuador,1
El Salvador,11,0,2009-05-27,El Salvador,1
Finland,2,0,2009-05-27,Finland,1
France,16,0,2009-05-27,France,1
Germany,17,0,2009-05-27,Germany,1
Greece,1,0,2009-05-27,Greece,1
Guatemala,5,0,2009-05-27,Guatemala,1
Honduras,1,0,2009-05-27,Honduras,1
Iceland,1,0,2009-05-27,Iceland,1
India,1,0,2009-05-27,India,1
Ireland,1,0,2009-05-27,Ireland,1
Israel,9,0,2009-05-27,Israel,1
Italy,23,0,2009-05-27,Italy,1
Japan,360,0,2009-05-27,Japan,1
"Korea, Republic of",21,0,2009-05-27,"Korea, Republic of",1
Kuwait,18,0,2009-05-27,Kuwait,1
Malaysia,2,0,2009-05-27,Malaysia,1
Mexico,4541,83,2009-05-27,Mexico,1
Netherlands,3,0,2009-05-27,Netherlands,1
New Zealand,9,0,2009-05-27,New Zealand,1
Norway,4,0,2009-05-27,Norway,1
Panama,76,0,2009-05-27,Panama,1
Peru,27,0,2009-05-27,Peru,1
Philippines,2,0,2009-05-27,Philippines,1
Poland,3,0,2009-05-27,Poland,1
Portugal,1,0,2009-05-27,Portugal,1
Russia,2,0,2009-05-27,Russian Federation,1
Singapore,1,0,2009-05-27,Singapore,1
Spain,138,0,2009-05-27,Spain,1
Sweden,3,0,2009-05-27,Sweden,1
Switzerland,3,0,2009-05-27,Switzerland,1
Thailand,2,0,2009-05-27,Thailand,1
Turkey,2,0,2009-05-27,Turkey,1
United Kingdom,137,0,2009-05-27,United Kingdom,1
United States of America,6764,10,2009-05-27,United States,1
Argentina,5,0,2009-05-26,Argentina,1
Australia,19,0,2009-05-26,Australia,1
Austria,1,0,2009-05-26,Austria,1
Belgium,7,0,2009-05-26,Belgium,1
Brazil,9,0,2009-05-26,Brazil,1
Canada,921,1,2009-05-26,Canada,1
Chile,74,0,2009-05-26,Chile,1
China,20,0,2009-05-26,China,1
Colombia,16,0,2009-05-26,Colombia,1
Costa Rica,33,1,2009-05-26,Costa Rica,1
Cuba,4,0,2009-05-26,Cuba,1
Denmark,1,0,2009-05-26,Denmark,1
Ecuador,24,0,2009-05-26,Ecuador,1
El Salvador,6,0,2009-05-26,El Salvador,1
Finland,2,0,2009-05-26,Finland,1
France,16,0,2009-05-26,France,1
Germany,17,0,2009-05-26,Germany,1
Greece,1,0,2009-05-26,Greece,1
Guatemala,4,0,2009-05-26,Guatemala,1
Honduras,1,0,2009-05-26,Honduras,1
Iceland,1,0,2009-05-26,Iceland,1
India,1,0,2009-05-26,India,1
Ireland,1,0,2009-05-26,Ireland,1
Israel,8,0,2009-05-26,Israel,1
Italy,19,0,2009-05-26,Italy,1
Japan,350,0,2009-05-26,Japan,1
"Korea, Republic of",21,0,2009-05-26,"Korea, Republic of",1
Kuwait,18,0,2009-05-26,Kuwait,1
Malaysia,2,0,2009-05-26,Malaysia,1
Mexico,4174,80,2009-05-26,Mexico,1
Netherlands,3,0,2009-05-26,Netherlands,1
New Zealand,9,0,2009-05-26,New Zealand,1
Norway,4,0,2009-05-26,Norway,1
Panama,76,0,2009-05-26,Panama,1
Peru,27,0,2009-05-26,Peru,1
Philippines,2,0,2009-05-26,Philippines,1
Poland,3,0,2009-05-26,Poland,1
Portugal,1,0,2009-05-26,Portugal,1
Russia,2,0,2009-05-26,Russian Federation,1
Spain,136,0,2009-05-26,Spain,1
Sweden,3,0,2009-05-26,Sweden,1
Switzerland,3,0,2009-05-26,Switzerland,1
Thailand,2,0,2009-05-26,Thailand,1
Turkey,2,0,2009-05-26,Turkey,1
United Kingdom,137,0,2009-05-26,United Kingdom,1
United States of America,6764,10,2009-05-26,United States,1
Argentina,2,0,2009-05-25,Argentina,1
Australia,16,0,2009-05-25,Australia,1
Austria,1,0,2009-05-25,Austria,1
Belgium,7,0,2009-05-25,Belgium,1
Brazil,9,0,2009-05-25,Brazil,1
Canada,805,1,2009-05-25,Canada,1
Chile,44,0,2009-05-25,Chile,1
China,15,0,2009-05-25,China,1
Colombia,13,0,2009-05-25,Colombia,1
Costa Rica,28,1,2009-05-25,Costa Rica,1
Cuba,4,0,2009-05-25,Cuba,1
Denmark,1,0,2009-05-25,Denmark,1
Ecuador,10,0,2009-05-25,Ecuador,1
El Salvador,6,0,2009-05-25,El Salvador,1
Finland,2,0,2009-05-25,Finland,1
France,16,0,2009-05-25,France,1
Germany,17,0,2009-05-25,Germany,1
Greece,1,0,2009-05-25,Greece,1
Guatemala,4,0,2009-05-25,Guatemala,1
Honduras,1,0,2009-05-25,Honduras,1
Iceland,1,0,2009-05-25,Iceland,1
India,1,0,2009-05-25,India,1
Ireland,1,0,2009-05-25,Ireland,1
Israel,8,0,2009-05-25,Israel,1
Italy,19,0,2009-05-25,Italy,1
Japan,345,0,2009-05-25,Japan,1
"Korea, Republic of",3,0,2009-05-25,"Korea, Republic of",1
Kuwait,18,0,2009-05-25,Kuwait,1
Malaysia,2,0,2009-05-25,Malaysia,1
Mexico,4174,80,2009-05-25,Mexico,1
Netherlands,3,0,2009-05-25,Netherlands,1
New Zealand,9,0,2009-05-25,New Zealand,1
Norway,4,0,2009-05-25,Norway,1
Panama,76,0,2009-05-25,Panama,1
Peru,25,0,2009-05-25,Peru,1
Philippines,1,0,2009-05-25,Philippines,1
Poland,3,0,2009-05-25,Poland,1
Portugal,1,0,2009-05-25,Portugal,1
Russia,1,0,2009-05-25,Russian Federation,1
Spain,133,0,2009-05-25,Spain,1
Sweden,3,0,2009-05-25,Sweden,1
Switzerland,3,0,2009-05-25,Switzerland,1
Thailand,2,0,2009-05-25,Thailand,1
Turkey,2,0,2009-05-25,Turkey,1
United Kingdom,122,0,2009-05-25,United Kingdom,1
United States of America,6552,9,2009-05-25,United States,1
Argentina,1,0,2009-05-23,Argentina,1
Australia,12,0,2009-05-23,Australia,1
Austria,1,0,2009-05-23,Austria,1
Belgium,7,0,2009-05-23,Belgium,1
Brazil,8,0,2009-05-23,Brazil,1
Canada,719,1,2009-05-23,Canada,1
Chile,24,0,2009-05-23,Chile,1
China,11,0,2009-05-23,China,1
Colombia,12,0,2009-05-23,Colombia,1
Costa Rica,20,1,2009-05-23,Costa Rica,1
Cuba,4,0,2009-05-23,Cuba,1
Denmark,1,0,2009-05-23,Denmark,1
Ecuador,8,0,2009-05-23,Ecuador,1
El Salvador,6,0,2009-05-23,El Salvador,1
Finland,2,0,2009-05-23,Finland,1
France,16,0,2009-05-23,France,1
Germany,17,0,2009-05-23,Germany,1
Greece,1,0,2009-05-23,Greece,1
Guatemala,4,0,2009-05-23,Guatemala,1
India,1,0,2009-05-23,India,1
Ireland,1,0,2009-05-23,Ireland,1
Israel,7,0,2009-05-23,Israel,1
Italy,14,0,2009-05-23,Italy,1
Japan,321,0,2009-05-23,Japan,1
"Korea, Republic of",3,0,2009-05-23,"Korea, Republic of",1
Malaysia,2,0,2009-05-23,Malaysia,1
Mexico,3892,75,2009-05-23,Mexico,1
Netherlands,3,0,2009-05-23,Netherlands,1
New Zealand,9,0,2009-05-23,New Zealand,1
Norway,4,0,2009-05-23,Norway,1
Panama,76,0,2009-05-23,Panama,1
Peru,5,0,2009-05-23,Peru,1
Philippines,1,0,2009-05-23,Philippines,1
Poland,2,0,2009-05-23,Poland,1
Portugal,1,0,2009-05-23,Portugal,1
Russia,1,0,2009-05-23,Russian Federation,1
Spain,126,0,2009-05-23,Spain,1
Sweden,3,0,2009-05-23,Sweden,1
Switzerland,2,0,2009-05-23,Switzerland,1
Thailand,2,0,2009-05-23,Thailand,1
Turkey,2,0,2009-05-23,Turkey,1
United Kingdom,117,0,2009-05-23,United Kingdom,1
United States of America,6552,9,2009-05-23,United States,1
